vignette_id,vignette_index,ckd_stage,hf,ascvd,masld,bmi_category,hba1c_band,complexity_band,trap_tag
T2D_V001,1,Stage 1-2 (60+),No,No,No,Normal (<23),5.5-6.5%,Easy,NON-TRAP
T2D_V002,2,Stage 1-2 (60+),No,No,No,Normal (<23),6.5-7.5%,Easy,NON-TRAP
T2D_V003,3,Stage 1-2 (60+),No,No,No,Normal (<23),7.5-9.0%,Easy,NON-TRAP
T2D_V004,4,Stage 1-2 (60+),No,No,No,Normal (<23),9.0-11.0%,Easy,NON-TRAP
T2D_V005,5,Stage 1-2 (60+),No,No,No,Overweight (23-27),5.5-6.5%,Easy,NON-TRAP
T2D_V006,6,Stage 1-2 (60+),No,No,No,Overweight (23-27),6.5-7.5%,Easy,NON-TRAP
T2D_V007,7,Stage 1-2 (60+),No,No,No,Overweight (23-27),7.5-9.0%,Easy,NON-TRAP
T2D_V008,8,Stage 1-2 (60+),No,No,No,Overweight (23-27),9.0-11.0%,Easy,NON-TRAP
T2D_V009,9,Stage 1-2 (60+),No,No,No,Obese (>27),5.5-6.5%,Easy,NON-TRAP
T2D_V010,10,Stage 1-2 (60+),No,No,No,Obese (>27),6.5-7.5%,Easy,TRAP
T2D_V011,11,Stage 1-2 (60+),No,No,No,Obese (>27),7.5-9.0%,Easy,NON-TRAP
T2D_V012,12,Stage 1-2 (60+),No,No,No,Obese (>27),9.0-11.0%,Easy,NON-TRAP
T2D_V013,13,Stage 1-2 (60+),No,No,Yes,Normal (<23),5.5-6.5%,Easy,NON-TRAP
T2D_V014,14,Stage 1-2 (60+),No,No,Yes,Normal (<23),6.5-7.5%,Easy,NON-TRAP
T2D_V015,15,Stage 1-2 (60+),No,No,Yes,Normal (<23),7.5-9.0%,Easy,NON-TRAP
T2D_V016,16,Stage 1-2 (60+),No,No,Yes,Normal (<23),9.0-11.0%,Easy,NON-TRAP
T2D_V017,17,Stage 1-2 (60+),No,No,Yes,Overweight (23-27),5.5-6.5%,Easy,NON-TRAP
T2D_V018,18,Stage 1-2 (60+),No,No,Yes,Overweight (23-27),6.5-7.5%,Easy,NON-TRAP
T2D_V019,19,Stage 1-2 (60+),No,No,Yes,Overweight (23-27),7.5-9.0%,Easy,NON-TRAP
T2D_V020,20,Stage 1-2 (60+),No,No,Yes,Overweight (23-27),9.0-11.0%,Easy,TRAP
T2D_V021,21,Stage 1-2 (60+),No,No,Yes,Obese (>27),5.5-6.5%,Easy,NON-TRAP
T2D_V022,22,Stage 1-2 (60+),No,No,Yes,Obese (>27),6.5-7.5%,Easy,NON-TRAP
T2D_V023,23,Stage 1-2 (60+),No,No,Yes,Obese (>27),7.5-9.0%,Easy,NON-TRAP
T2D_V024,24,Stage 1-2 (60+),No,No,Yes,Obese (>27),9.0-11.0%,Easy,NON-TRAP
T2D_V025,25,Stage 1-2 (60+),No,Yes,No,Normal (<23),5.5-6.5%,Easy,NON-TRAP
T2D_V026,26,Stage 1-2 (60+),No,Yes,No,Normal (<23),6.5-7.5%,Easy,NON-TRAP
T2D_V027,27,Stage 1-2 (60+),No,Yes,No,Normal (<23),7.5-9.0%,Easy,NON-TRAP
T2D_V028,28,Stage 1-2 (60+),No,Yes,No,Normal (<23),9.0-11.0%,Easy,NON-TRAP
T2D_V029,29,Stage 1-2 (60+),No,Yes,No,Overweight (23-27),5.5-6.5%,Easy,NON-TRAP
T2D_V030,30,Stage 1-2 (60+),No,Yes,No,Overweight (23-27),6.5-7.5%,Easy,TRAP
T2D_V031,31,Stage 1-2 (60+),No,Yes,No,Overweight (23-27),7.5-9.0%,Easy,NON-TRAP
T2D_V032,32,Stage 1-2 (60+),No,Yes,No,Overweight (23-27),9.0-11.0%,Easy,NON-TRAP
T2D_V033,33,Stage 1-2 (60+),No,Yes,No,Obese (>27),5.5-6.5%,Easy,NON-TRAP
T2D_V034,34,Stage 1-2 (60+),No,Yes,No,Obese (>27),6.5-7.5%,Easy,NON-TRAP
T2D_V035,35,Stage 1-2 (60+),No,Yes,No,Obese (>27),7.5-9.0%,Easy,NON-TRAP
T2D_V036,36,Stage 1-2 (60+),No,Yes,No,Obese (>27),9.0-11.0%,Easy,NON-TRAP
T2D_V037,37,Stage 1-2 (60+),No,Yes,Yes,Normal (<23),5.5-6.5%,Easy,NON-TRAP
T2D_V038,38,Stage 1-2 (60+),No,Yes,Yes,Normal (<23),6.5-7.5%,Easy,NON-TRAP
T2D_V039,39,Stage 1-2 (60+),No,Yes,Yes,Normal (<23),7.5-9.0%,Easy,NON-TRAP
T2D_V040,40,Stage 1-2 (60+),No,Yes,Yes,Normal (<23),9.0-11.0%,Easy,TRAP
T2D_V041,41,Stage 1-2 (60+),No,Yes,Yes,Overweight (23-27),5.5-6.5%,Easy,NON-TRAP
T2D_V042,42,Stage 1-2 (60+),No,Yes,Yes,Overweight (23-27),6.5-7.5%,Easy,NON-TRAP
T2D_V043,43,Stage 1-2 (60+),No,Yes,Yes,Overweight (23-27),7.5-9.0%,Easy,NON-TRAP
T2D_V044,44,Stage 1-2 (60+),No,Yes,Yes,Overweight (23-27),9.0-11.0%,Easy,NON-TRAP
T2D_V045,45,Stage 1-2 (60+),No,Yes,Yes,Obese (>27),5.5-6.5%,Easy,NON-TRAP
T2D_V046,46,Stage 1-2 (60+),No,Yes,Yes,Obese (>27),6.5-7.5%,Easy,NON-TRAP
T2D_V047,47,Stage 1-2 (60+),No,Yes,Yes,Obese (>27),7.5-9.0%,Easy,NON-TRAP
T2D_V048,48,Stage 1-2 (60+),No,Yes,Yes,Obese (>27),9.0-11.0%,Easy,NON-TRAP
T2D_V049,49,Stage 1-2 (60+),Yes,No,No,Normal (<23),5.5-6.5%,Easy,NON-TRAP
T2D_V050,50,Stage 1-2 (60+),Yes,No,No,Normal (<23),6.5-7.5%,Easy,TRAP
T2D_V051,51,Stage 1-2 (60+),Yes,No,No,Normal (<23),7.5-9.0%,Easy,NON-TRAP
T2D_V052,52,Stage 1-2 (60+),Yes,No,No,Normal (<23),9.0-11.0%,Easy,NON-TRAP
T2D_V053,53,Stage 1-2 (60+),Yes,No,No,Overweight (23-27),5.5-6.5%,Easy,NON-TRAP
T2D_V054,54,Stage 1-2 (60+),Yes,No,No,Overweight (23-27),6.5-7.5%,Easy,NON-TRAP
T2D_V055,55,Stage 1-2 (60+),Yes,No,No,Overweight (23-27),7.5-9.0%,Easy,NON-TRAP
T2D_V056,56,Stage 1-2 (60+),Yes,No,No,Overweight (23-27),9.0-11.0%,Easy,NON-TRAP
T2D_V057,57,Stage 1-2 (60+),Yes,No,No,Obese (>27),5.5-6.5%,Easy,NON-TRAP
T2D_V058,58,Stage 1-2 (60+),Yes,No,No,Obese (>27),6.5-7.5%,Easy,NON-TRAP
T2D_V059,59,Stage 1-2 (60+),Yes,No,No,Obese (>27),7.5-9.0%,Easy,NON-TRAP
T2D_V060,60,Stage 1-2 (60+),Yes,No,No,Obese (>27),9.0-11.0%,Easy,TRAP
T2D_V061,61,Stage 1-2 (60+),Yes,No,Yes,Normal (<23),5.5-6.5%,Easy,NON-TRAP
T2D_V062,62,Stage 1-2 (60+),Yes,No,Yes,Normal (<23),6.5-7.5%,Easy,NON-TRAP
T2D_V063,63,Stage 1-2 (60+),Yes,No,Yes,Normal (<23),7.5-9.0%,Easy,NON-TRAP
T2D_V064,64,Stage 1-2 (60+),Yes,No,Yes,Normal (<23),9.0-11.0%,Easy,NON-TRAP
T2D_V065,65,Stage 1-2 (60+),Yes,No,Yes,Overweight (23-27),5.5-6.5%,Easy,NON-TRAP
T2D_V066,66,Stage 1-2 (60+),Yes,No,Yes,Overweight (23-27),6.5-7.5%,Easy,NON-TRAP
T2D_V067,67,Stage 1-2 (60+),Yes,No,Yes,Overweight (23-27),7.5-9.0%,Easy,NON-TRAP
T2D_V068,68,Stage 1-2 (60+),Yes,No,Yes,Overweight (23-27),9.0-11.0%,Easy,NON-TRAP
T2D_V069,69,Stage 1-2 (60+),Yes,No,Yes,Obese (>27),5.5-6.5%,Easy,NON-TRAP
T2D_V070,70,Stage 1-2 (60+),Yes,No,Yes,Obese (>27),6.5-7.5%,Easy,TRAP
T2D_V071,71,Stage 1-2 (60+),Yes,No,Yes,Obese (>27),7.5-9.0%,Easy,NON-TRAP
T2D_V072,72,Stage 1-2 (60+),Yes,No,Yes,Obese (>27),9.0-11.0%,Easy,NON-TRAP
T2D_V073,73,Stage 1-2 (60+),Yes,Yes,No,Normal (<23),5.5-6.5%,Easy,NON-TRAP
T2D_V074,74,Stage 1-2 (60+),Yes,Yes,No,Normal (<23),6.5-7.5%,Easy,NON-TRAP
T2D_V075,75,Stage 1-2 (60+),Yes,Yes,No,Normal (<23),7.5-9.0%,Easy,NON-TRAP
T2D_V076,76,Stage 1-2 (60+),Yes,Yes,No,Normal (<23),9.0-11.0%,Easy,NON-TRAP
T2D_V077,77,Stage 1-2 (60+),Yes,Yes,No,Overweight (23-27),5.5-6.5%,Easy,NON-TRAP
T2D_V078,78,Stage 1-2 (60+),Yes,Yes,No,Overweight (23-27),6.5-7.5%,Easy,NON-TRAP
T2D_V079,79,Stage 1-2 (60+),Yes,Yes,No,Overweight (23-27),7.5-9.0%,Easy,NON-TRAP
T2D_V080,80,Stage 1-2 (60+),Yes,Yes,No,Overweight (23-27),9.0-11.0%,Easy,TRAP
T2D_V081,81,Stage 1-2 (60+),Yes,Yes,No,Obese (>27),5.5-6.5%,Easy,NON-TRAP
T2D_V082,82,Stage 1-2 (60+),Yes,Yes,No,Obese (>27),6.5-7.5%,Easy,NON-TRAP
T2D_V083,83,Stage 1-2 (60+),Yes,Yes,No,Obese (>27),7.5-9.0%,Easy,NON-TRAP
T2D_V084,84,Stage 1-2 (60+),Yes,Yes,No,Obese (>27),9.0-11.0%,Easy,NON-TRAP
T2D_V085,85,Stage 1-2 (60+),Yes,Yes,Yes,Normal (<23),5.5-6.5%,Easy,NON-TRAP
T2D_V086,86,Stage 1-2 (60+),Yes,Yes,Yes,Normal (<23),6.5-7.5%,Easy,NON-TRAP
T2D_V087,87,Stage 1-2 (60+),Yes,Yes,Yes,Normal (<23),7.5-9.0%,Easy,NON-TRAP
T2D_V088,88,Stage 1-2 (60+),Yes,Yes,Yes,Normal (<23),9.0-11.0%,Easy,NON-TRAP
T2D_V089,89,Stage 1-2 (60+),Yes,Yes,Yes,Overweight (23-27),5.5-6.5%,Easy,NON-TRAP
T2D_V090,90,Stage 1-2 (60+),Yes,Yes,Yes,Overweight (23-27),6.5-7.5%,Easy,TRAP
T2D_V091,91,Stage 1-2 (60+),Yes,Yes,Yes,Overweight (23-27),7.5-9.0%,Easy,NON-TRAP
T2D_V092,92,Stage 1-2 (60+),Yes,Yes,Yes,Overweight (23-27),9.0-11.0%,Easy,NON-TRAP
T2D_V093,93,Stage 1-2 (60+),Yes,Yes,Yes,Obese (>27),5.5-6.5%,Easy,NON-TRAP
T2D_V094,94,Stage 1-2 (60+),Yes,Yes,Yes,Obese (>27),6.5-7.5%,Easy,NON-TRAP
T2D_V095,95,Stage 1-2 (60+),Yes,Yes,Yes,Obese (>27),7.5-9.0%,Easy,NON-TRAP
T2D_V096,96,Stage 1-2 (60+),Yes,Yes,Yes,Obese (>27),9.0-11.0%,Easy,NON-TRAP
T2D_V097,97,Stage 3a (45-59),No,No,No,Normal (<23),5.5-6.5%,Medium,NON-TRAP
T2D_V098,98,Stage 3a (45-59),No,No,No,Normal (<23),6.5-7.5%,Medium,NON-TRAP
T2D_V099,99,Stage 3a (45-59),No,No,No,Normal (<23),7.5-9.0%,Medium,NON-TRAP
T2D_V100,100,Stage 3a (45-59),No,No,No,Normal (<23),9.0-11.0%,Medium,TRAP
T2D_V101,101,Stage 3a (45-59),No,No,No,Overweight (23-27),5.5-6.5%,Medium,NON-TRAP
T2D_V102,102,Stage 3a (45-59),No,No,No,Overweight (23-27),6.5-7.5%,Medium,NON-TRAP
T2D_V103,103,Stage 3a (45-59),No,No,No,Overweight (23-27),7.5-9.0%,Medium,NON-TRAP
T2D_V104,104,Stage 3a (45-59),No,No,No,Overweight (23-27),9.0-11.0%,Medium,NON-TRAP
T2D_V105,105,Stage 3a (45-59),No,No,No,Obese (>27),5.5-6.5%,Medium,NON-TRAP
T2D_V106,106,Stage 3a (45-59),No,No,No,Obese (>27),6.5-7.5%,Medium,NON-TRAP
T2D_V107,107,Stage 3a (45-59),No,No,No,Obese (>27),7.5-9.0%,Medium,NON-TRAP
T2D_V108,108,Stage 3a (45-59),No,No,No,Obese (>27),9.0-11.0%,Medium,NON-TRAP
T2D_V109,109,Stage 3a (45-59),No,No,Yes,Normal (<23),5.5-6.5%,Medium,NON-TRAP
T2D_V110,110,Stage 3a (45-59),No,No,Yes,Normal (<23),6.5-7.5%,Medium,TRAP
T2D_V111,111,Stage 3a (45-59),No,No,Yes,Normal (<23),7.5-9.0%,Medium,NON-TRAP
T2D_V112,112,Stage 3a (45-59),No,No,Yes,Normal (<23),9.0-11.0%,Medium,NON-TRAP
T2D_V113,113,Stage 3a (45-59),No,No,Yes,Overweight (23-27),5.5-6.5%,Medium,NON-TRAP
T2D_V114,114,Stage 3a (45-59),No,No,Yes,Overweight (23-27),6.5-7.5%,Medium,NON-TRAP
T2D_V115,115,Stage 3a (45-59),No,No,Yes,Overweight (23-27),7.5-9.0%,Medium,NON-TRAP
T2D_V116,116,Stage 3a (45-59),No,No,Yes,Overweight (23-27),9.0-11.0%,Medium,NON-TRAP
T2D_V117,117,Stage 3a (45-59),No,No,Yes,Obese (>27),5.5-6.5%,Medium,NON-TRAP
T2D_V118,118,Stage 3a (45-59),No,No,Yes,Obese (>27),6.5-7.5%,Medium,NON-TRAP
T2D_V119,119,Stage 3a (45-59),No,No,Yes,Obese (>27),7.5-9.0%,Medium,NON-TRAP
T2D_V120,120,Stage 3a (45-59),No,No,Yes,Obese (>27),9.0-11.0%,Medium,TRAP
T2D_V121,121,Stage 3a (45-59),No,Yes,No,Normal (<23),5.5-6.5%,Medium,NON-TRAP
T2D_V122,122,Stage 3a (45-59),No,Yes,No,Normal (<23),6.5-7.5%,Medium,NON-TRAP
T2D_V123,123,Stage 3a (45-59),No,Yes,No,Normal (<23),7.5-9.0%,Medium,NON-TRAP
T2D_V124,124,Stage 3a (45-59),No,Yes,No,Normal (<23),9.0-11.0%,Medium,NON-TRAP
T2D_V125,125,Stage 3a (45-59),No,Yes,No,Overweight (23-27),5.5-6.5%,Medium,NON-TRAP
T2D_V126,126,Stage 3a (45-59),No,Yes,No,Overweight (23-27),6.5-7.5%,Medium,NON-TRAP
T2D_V127,127,Stage 3a (45-59),No,Yes,No,Overweight (23-27),7.5-9.0%,Medium,NON-TRAP
T2D_V128,128,Stage 3a (45-59),No,Yes,No,Overweight (23-27),9.0-11.0%,Medium,NON-TRAP
T2D_V129,129,Stage 3a (45-59),No,Yes,No,Obese (>27),5.5-6.5%,Medium,NON-TRAP
T2D_V130,130,Stage 3a (45-59),No,Yes,No,Obese (>27),6.5-7.5%,Medium,TRAP
T2D_V131,131,Stage 3a (45-59),No,Yes,No,Obese (>27),7.5-9.0%,Medium,NON-TRAP
T2D_V132,132,Stage 3a (45-59),No,Yes,No,Obese (>27),9.0-11.0%,Medium,NON-TRAP
T2D_V133,133,Stage 3a (45-59),No,Yes,Yes,Normal (<23),5.5-6.5%,Medium,NON-TRAP
T2D_V134,134,Stage 3a (45-59),No,Yes,Yes,Normal (<23),6.5-7.5%,Medium,NON-TRAP
T2D_V135,135,Stage 3a (45-59),No,Yes,Yes,Normal (<23),7.5-9.0%,Medium,NON-TRAP
T2D_V136,136,Stage 3a (45-59),No,Yes,Yes,Normal (<23),9.0-11.0%,Medium,NON-TRAP
T2D_V137,137,Stage 3a (45-59),No,Yes,Yes,Overweight (23-27),5.5-6.5%,Medium,NON-TRAP
T2D_V138,138,Stage 3a (45-59),No,Yes,Yes,Overweight (23-27),6.5-7.5%,Medium,NON-TRAP
T2D_V139,139,Stage 3a (45-59),No,Yes,Yes,Overweight (23-27),7.5-9.0%,Medium,NON-TRAP
T2D_V140,140,Stage 3a (45-59),No,Yes,Yes,Overweight (23-27),9.0-11.0%,Medium,TRAP
T2D_V141,141,Stage 3a (45-59),No,Yes,Yes,Obese (>27),5.5-6.5%,Medium,NON-TRAP
T2D_V142,142,Stage 3a (45-59),No,Yes,Yes,Obese (>27),6.5-7.5%,Medium,NON-TRAP
T2D_V143,143,Stage 3a (45-59),No,Yes,Yes,Obese (>27),7.5-9.0%,Medium,NON-TRAP
T2D_V144,144,Stage 3a (45-59),No,Yes,Yes,Obese (>27),9.0-11.0%,Medium,NON-TRAP
T2D_V145,145,Stage 3a (45-59),Yes,No,No,Normal (<23),5.5-6.5%,Medium,NON-TRAP
T2D_V146,146,Stage 3a (45-59),Yes,No,No,Normal (<23),6.5-7.5%,Medium,NON-TRAP
T2D_V147,147,Stage 3a (45-59),Yes,No,No,Normal (<23),7.5-9.0%,Medium,NON-TRAP
T2D_V148,148,Stage 3a (45-59),Yes,No,No,Normal (<23),9.0-11.0%,Medium,NON-TRAP
T2D_V149,149,Stage 3a (45-59),Yes,No,No,Overweight (23-27),5.5-6.5%,Medium,NON-TRAP
T2D_V150,150,Stage 3a (45-59),Yes,No,No,Overweight (23-27),6.5-7.5%,Medium,TRAP
T2D_V151,151,Stage 3a (45-59),Yes,No,No,Overweight (23-27),7.5-9.0%,Medium,NON-TRAP
T2D_V152,152,Stage 3a (45-59),Yes,No,No,Overweight (23-27),9.0-11.0%,Medium,NON-TRAP
T2D_V153,153,Stage 3a (45-59),Yes,No,No,Obese (>27),5.5-6.5%,Medium,NON-TRAP
T2D_V154,154,Stage 3a (45-59),Yes,No,No,Obese (>27),6.5-7.5%,Medium,NON-TRAP
T2D_V155,155,Stage 3a (45-59),Yes,No,No,Obese (>27),7.5-9.0%,Medium,NON-TRAP
T2D_V156,156,Stage 3a (45-59),Yes,No,No,Obese (>27),9.0-11.0%,Medium,NON-TRAP
T2D_V157,157,Stage 3a (45-59),Yes,No,Yes,Normal (<23),5.5-6.5%,Medium,NON-TRAP
T2D_V158,158,Stage 3a (45-59),Yes,No,Yes,Normal (<23),6.5-7.5%,Medium,NON-TRAP
T2D_V159,159,Stage 3a (45-59),Yes,No,Yes,Normal (<23),7.5-9.0%,Medium,NON-TRAP
T2D_V160,160,Stage 3a (45-59),Yes,No,Yes,Normal (<23),9.0-11.0%,Medium,TRAP
T2D_V161,161,Stage 3a (45-59),Yes,No,Yes,Overweight (23-27),5.5-6.5%,Medium,NON-TRAP
T2D_V162,162,Stage 3a (45-59),Yes,No,Yes,Overweight (23-27),6.5-7.5%,Medium,NON-TRAP
T2D_V163,163,Stage 3a (45-59),Yes,No,Yes,Overweight (23-27),7.5-9.0%,Medium,NON-TRAP
T2D_V164,164,Stage 3a (45-59),Yes,No,Yes,Overweight (23-27),9.0-11.0%,Medium,NON-TRAP
T2D_V165,165,Stage 3a (45-59),Yes,No,Yes,Obese (>27),5.5-6.5%,Medium,NON-TRAP
T2D_V166,166,Stage 3a (45-59),Yes,No,Yes,Obese (>27),6.5-7.5%,Medium,NON-TRAP
T2D_V167,167,Stage 3a (45-59),Yes,No,Yes,Obese (>27),7.5-9.0%,Medium,NON-TRAP
T2D_V168,168,Stage 3a (45-59),Yes,No,Yes,Obese (>27),9.0-11.0%,Medium,NON-TRAP
T2D_V169,169,Stage 3a (45-59),Yes,Yes,No,Normal (<23),5.5-6.5%,Medium,NON-TRAP
T2D_V170,170,Stage 3a (45-59),Yes,Yes,No,Normal (<23),6.5-7.5%,Medium,TRAP
T2D_V171,171,Stage 3a (45-59),Yes,Yes,No,Normal (<23),7.5-9.0%,Medium,NON-TRAP
T2D_V172,172,Stage 3a (45-59),Yes,Yes,No,Normal (<23),9.0-11.0%,Medium,NON-TRAP
T2D_V173,173,Stage 3a (45-59),Yes,Yes,No,Overweight (23-27),5.5-6.5%,Medium,NON-TRAP
T2D_V174,174,Stage 3a (45-59),Yes,Yes,No,Overweight (23-27),6.5-7.5%,Medium,NON-TRAP
T2D_V175,175,Stage 3a (45-59),Yes,Yes,No,Overweight (23-27),7.5-9.0%,Medium,NON-TRAP
T2D_V176,176,Stage 3a (45-59),Yes,Yes,No,Overweight (23-27),9.0-11.0%,Medium,NON-TRAP
T2D_V177,177,Stage 3a (45-59),Yes,Yes,No,Obese (>27),5.5-6.5%,Medium,NON-TRAP
T2D_V178,178,Stage 3a (45-59),Yes,Yes,No,Obese (>27),6.5-7.5%,Medium,NON-TRAP
T2D_V179,179,Stage 3a (45-59),Yes,Yes,No,Obese (>27),7.5-9.0%,Medium,NON-TRAP
T2D_V180,180,Stage 3a (45-59),Yes,Yes,No,Obese (>27),9.0-11.0%,Medium,TRAP
T2D_V181,181,Stage 3a (45-59),Yes,Yes,Yes,Normal (<23),5.5-6.5%,Medium,NON-TRAP
T2D_V182,182,Stage 3a (45-59),Yes,Yes,Yes,Normal (<23),6.5-7.5%,Medium,NON-TRAP
T2D_V183,183,Stage 3a (45-59),Yes,Yes,Yes,Normal (<23),7.5-9.0%,Medium,NON-TRAP
T2D_V184,184,Stage 3a (45-59),Yes,Yes,Yes,Normal (<23),9.0-11.0%,Medium,NON-TRAP
T2D_V185,185,Stage 3a (45-59),Yes,Yes,Yes,Overweight (23-27),5.5-6.5%,Medium,NON-TRAP
T2D_V186,186,Stage 3a (45-59),Yes,Yes,Yes,Overweight (23-27),6.5-7.5%,Medium,NON-TRAP
T2D_V187,187,Stage 3a (45-59),Yes,Yes,Yes,Overweight (23-27),7.5-9.0%,Medium,NON-TRAP
T2D_V188,188,Stage 3a (45-59),Yes,Yes,Yes,Overweight (23-27),9.0-11.0%,Medium,NON-TRAP
T2D_V189,189,Stage 3a (45-59),Yes,Yes,Yes,Obese (>27),5.5-6.5%,Medium,NON-TRAP
T2D_V190,190,Stage 3a (45-59),Yes,Yes,Yes,Obese (>27),6.5-7.5%,Medium,TRAP
T2D_V191,191,Stage 3a (45-59),Yes,Yes,Yes,Obese (>27),7.5-9.0%,Medium,NON-TRAP
T2D_V192,192,Stage 3a (45-59),Yes,Yes,Yes,Obese (>27),9.0-11.0%,Medium,NON-TRAP
T2D_V193,193,Stage 3b (30-44),No,No,No,Normal (<23),5.5-6.5%,Medium,NON-TRAP
T2D_V194,194,Stage 3b (30-44),No,No,No,Normal (<23),6.5-7.5%,Medium,NON-TRAP
T2D_V195,195,Stage 3b (30-44),No,No,No,Normal (<23),7.5-9.0%,Medium,NON-TRAP
T2D_V196,196,Stage 3b (30-44),No,No,No,Normal (<23),9.0-11.0%,Medium,NON-TRAP
T2D_V197,197,Stage 3b (30-44),No,No,No,Overweight (23-27),5.5-6.5%,Medium,NON-TRAP
T2D_V198,198,Stage 3b (30-44),No,No,No,Overweight (23-27),6.5-7.5%,Medium,NON-TRAP
T2D_V199,199,Stage 3b (30-44),No,No,No,Overweight (23-27),7.5-9.0%,Medium,NON-TRAP
T2D_V200,200,Stage 3b (30-44),No,No,No,Overweight (23-27),9.0-11.0%,Medium,TRAP
T2D_V201,201,Stage 3b (30-44),No,No,No,Obese (>27),5.5-6.5%,Medium,NON-TRAP
T2D_V202,202,Stage 3b (30-44),No,No,No,Obese (>27),6.5-7.5%,Medium,NON-TRAP
T2D_V203,203,Stage 3b (30-44),No,No,No,Obese (>27),7.5-9.0%,Medium,NON-TRAP
T2D_V204,204,Stage 3b (30-44),No,No,No,Obese (>27),9.0-11.0%,Medium,NON-TRAP
T2D_V205,205,Stage 3b (30-44),No,No,Yes,Normal (<23),5.5-6.5%,Medium,NON-TRAP
T2D_V206,206,Stage 3b (30-44),No,No,Yes,Normal (<23),6.5-7.5%,Medium,NON-TRAP
T2D_V207,207,Stage 3b (30-44),No,No,Yes,Normal (<23),7.5-9.0%,Medium,NON-TRAP
T2D_V208,208,Stage 3b (30-44),No,No,Yes,Normal (<23),9.0-11.0%,Medium,NON-TRAP
T2D_V209,209,Stage 3b (30-44),No,No,Yes,Overweight (23-27),5.5-6.5%,Medium,NON-TRAP
T2D_V210,210,Stage 3b (30-44),No,No,Yes,Overweight (23-27),6.5-7.5%,Medium,TRAP
T2D_V211,211,Stage 3b (30-44),No,No,Yes,Overweight (23-27),7.5-9.0%,Medium,NON-TRAP
T2D_V212,212,Stage 3b (30-44),No,No,Yes,Overweight (23-27),9.0-11.0%,Medium,NON-TRAP
T2D_V213,213,Stage 3b (30-44),No,No,Yes,Obese (>27),5.5-6.5%,Medium,NON-TRAP
T2D_V214,214,Stage 3b (30-44),No,No,Yes,Obese (>27),6.5-7.5%,Medium,NON-TRAP
T2D_V215,215,Stage 3b (30-44),No,No,Yes,Obese (>27),7.5-9.0%,Medium,NON-TRAP
T2D_V216,216,Stage 3b (30-44),No,No,Yes,Obese (>27),9.0-11.0%,Medium,NON-TRAP
T2D_V217,217,Stage 3b (30-44),No,Yes,No,Normal (<23),5.5-6.5%,Medium,NON-TRAP
T2D_V218,218,Stage 3b (30-44),No,Yes,No,Normal (<23),6.5-7.5%,Medium,NON-TRAP
T2D_V219,219,Stage 3b (30-44),No,Yes,No,Normal (<23),7.5-9.0%,Medium,NON-TRAP
T2D_V220,220,Stage 3b (30-44),No,Yes,No,Normal (<23),9.0-11.0%,Medium,TRAP
T2D_V221,221,Stage 3b (30-44),No,Yes,No,Overweight (23-27),5.5-6.5%,Medium,NON-TRAP
T2D_V222,222,Stage 3b (30-44),No,Yes,No,Overweight (23-27),6.5-7.5%,Medium,NON-TRAP
T2D_V223,223,Stage 3b (30-44),No,Yes,No,Overweight (23-27),7.5-9.0%,Medium,NON-TRAP
T2D_V224,224,Stage 3b (30-44),No,Yes,No,Overweight (23-27),9.0-11.0%,Medium,NON-TRAP
T2D_V225,225,Stage 3b (30-44),No,Yes,No,Obese (>27),5.5-6.5%,Medium,NON-TRAP
T2D_V226,226,Stage 3b (30-44),No,Yes,No,Obese (>27),6.5-7.5%,Medium,NON-TRAP
T2D_V227,227,Stage 3b (30-44),No,Yes,No,Obese (>27),7.5-9.0%,Medium,NON-TRAP
T2D_V228,228,Stage 3b (30-44),No,Yes,No,Obese (>27),9.0-11.0%,Medium,NON-TRAP
T2D_V229,229,Stage 3b (30-44),No,Yes,Yes,Normal (<23),5.5-6.5%,Medium,NON-TRAP
T2D_V230,230,Stage 3b (30-44),No,Yes,Yes,Normal (<23),6.5-7.5%,Medium,TRAP
T2D_V231,231,Stage 3b (30-44),No,Yes,Yes,Normal (<23),7.5-9.0%,Medium,NON-TRAP
T2D_V232,232,Stage 3b (30-44),No,Yes,Yes,Normal (<23),9.0-11.0%,Medium,NON-TRAP
T2D_V233,233,Stage 3b (30-44),No,Yes,Yes,Overweight (23-27),5.5-6.5%,Medium,NON-TRAP
T2D_V234,234,Stage 3b (30-44),No,Yes,Yes,Overweight (23-27),6.5-7.5%,Medium,NON-TRAP
T2D_V235,235,Stage 3b (30-44),No,Yes,Yes,Overweight (23-27),7.5-9.0%,Medium,NON-TRAP
T2D_V236,236,Stage 3b (30-44),No,Yes,Yes,Overweight (23-27),9.0-11.0%,Medium,NON-TRAP
T2D_V237,237,Stage 3b (30-44),No,Yes,Yes,Obese (>27),5.5-6.5%,Medium,NON-TRAP
T2D_V238,238,Stage 3b (30-44),No,Yes,Yes,Obese (>27),6.5-7.5%,Medium,NON-TRAP
T2D_V239,239,Stage 3b (30-44),No,Yes,Yes,Obese (>27),7.5-9.0%,Medium,NON-TRAP
T2D_V240,240,Stage 3b (30-44),No,Yes,Yes,Obese (>27),9.0-11.0%,Medium,TRAP
T2D_V241,241,Stage 3b (30-44),Yes,No,No,Normal (<23),5.5-6.5%,Medium,NON-TRAP
T2D_V242,242,Stage 3b (30-44),Yes,No,No,Normal (<23),6.5-7.5%,Medium,NON-TRAP
T2D_V243,243,Stage 3b (30-44),Yes,No,No,Normal (<23),7.5-9.0%,Medium,NON-TRAP
T2D_V244,244,Stage 3b (30-44),Yes,No,No,Normal (<23),9.0-11.0%,Medium,NON-TRAP
T2D_V245,245,Stage 3b (30-44),Yes,No,No,Overweight (23-27),5.5-6.5%,Medium,NON-TRAP
T2D_V246,246,Stage 3b (30-44),Yes,No,No,Overweight (23-27),6.5-7.5%,Medium,NON-TRAP
T2D_V247,247,Stage 3b (30-44),Yes,No,No,Overweight (23-27),7.5-9.0%,Medium,NON-TRAP
T2D_V248,248,Stage 3b (30-44),Yes,No,No,Overweight (23-27),9.0-11.0%,Medium,NON-TRAP
T2D_V249,249,Stage 3b (30-44),Yes,No,No,Obese (>27),5.5-6.5%,Medium,NON-TRAP
T2D_V250,250,Stage 3b (30-44),Yes,No,No,Obese (>27),6.5-7.5%,Medium,TRAP
T2D_V251,251,Stage 3b (30-44),Yes,No,No,Obese (>27),7.5-9.0%,Medium,NON-TRAP
T2D_V252,252,Stage 3b (30-44),Yes,No,No,Obese (>27),9.0-11.0%,Medium,NON-TRAP
T2D_V253,253,Stage 3b (30-44),Yes,No,Yes,Normal (<23),5.5-6.5%,Medium,NON-TRAP
T2D_V254,254,Stage 3b (30-44),Yes,No,Yes,Normal (<23),6.5-7.5%,Medium,NON-TRAP
T2D_V255,255,Stage 3b (30-44),Yes,No,Yes,Normal (<23),7.5-9.0%,Medium,NON-TRAP
T2D_V256,256,Stage 3b (30-44),Yes,No,Yes,Normal (<23),9.0-11.0%,Medium,NON-TRAP
T2D_V257,257,Stage 3b (30-44),Yes,No,Yes,Overweight (23-27),5.5-6.5%,Medium,NON-TRAP
T2D_V258,258,Stage 3b (30-44),Yes,No,Yes,Overweight (23-27),6.5-7.5%,Medium,NON-TRAP
T2D_V259,259,Stage 3b (30-44),Yes,No,Yes,Overweight (23-27),7.5-9.0%,Medium,NON-TRAP
T2D_V260,260,Stage 3b (30-44),Yes,No,Yes,Overweight (23-27),9.0-11.0%,Medium,TRAP
T2D_V261,261,Stage 3b (30-44),Yes,No,Yes,Obese (>27),5.5-6.5%,Medium,NON-TRAP
T2D_V262,262,Stage 3b (30-44),Yes,No,Yes,Obese (>27),6.5-7.5%,Medium,NON-TRAP
T2D_V263,263,Stage 3b (30-44),Yes,No,Yes,Obese (>27),7.5-9.0%,Medium,NON-TRAP
T2D_V264,264,Stage 3b (30-44),Yes,No,Yes,Obese (>27),9.0-11.0%,Medium,NON-TRAP
T2D_V265,265,Stage 3b (30-44),Yes,Yes,No,Normal (<23),5.5-6.5%,Medium,NON-TRAP
T2D_V266,266,Stage 3b (30-44),Yes,Yes,No,Normal (<23),6.5-7.5%,Medium,NON-TRAP
T2D_V267,267,Stage 3b (30-44),Yes,Yes,No,Normal (<23),7.5-9.0%,Medium,NON-TRAP
T2D_V268,268,Stage 3b (30-44),Yes,Yes,No,Normal (<23),9.0-11.0%,Medium,NON-TRAP
T2D_V269,269,Stage 3b (30-44),Yes,Yes,No,Overweight (23-27),5.5-6.5%,Medium,NON-TRAP
T2D_V270,270,Stage 3b (30-44),Yes,Yes,No,Overweight (23-27),6.5-7.5%,Medium,TRAP
T2D_V271,271,Stage 3b (30-44),Yes,Yes,No,Overweight (23-27),7.5-9.0%,Medium,NON-TRAP
T2D_V272,272,Stage 3b (30-44),Yes,Yes,No,Overweight (23-27),9.0-11.0%,Medium,NON-TRAP
T2D_V273,273,Stage 3b (30-44),Yes,Yes,No,Obese (>27),5.5-6.5%,Medium,NON-TRAP
T2D_V274,274,Stage 3b (30-44),Yes,Yes,No,Obese (>27),6.5-7.5%,Medium,NON-TRAP
T2D_V275,275,Stage 3b (30-44),Yes,Yes,No,Obese (>27),7.5-9.0%,Medium,NON-TRAP
T2D_V276,276,Stage 3b (30-44),Yes,Yes,No,Obese (>27),9.0-11.0%,Medium,NON-TRAP
T2D_V277,277,Stage 3b (30-44),Yes,Yes,Yes,Normal (<23),5.5-6.5%,Medium,NON-TRAP
T2D_V278,278,Stage 3b (30-44),Yes,Yes,Yes,Normal (<23),6.5-7.5%,Medium,NON-TRAP
T2D_V279,279,Stage 3b (30-44),Yes,Yes,Yes,Normal (<23),7.5-9.0%,Medium,NON-TRAP
T2D_V280,280,Stage 3b (30-44),Yes,Yes,Yes,Normal (<23),9.0-11.0%,Medium,TRAP
T2D_V281,281,Stage 3b (30-44),Yes,Yes,Yes,Overweight (23-27),5.5-6.5%,Medium,NON-TRAP
T2D_V282,282,Stage 3b (30-44),Yes,Yes,Yes,Overweight (23-27),6.5-7.5%,Medium,NON-TRAP
T2D_V283,283,Stage 3b (30-44),Yes,Yes,Yes,Overweight (23-27),7.5-9.0%,Medium,NON-TRAP
T2D_V284,284,Stage 3b (30-44),Yes,Yes,Yes,Overweight (23-27),9.0-11.0%,Medium,NON-TRAP
T2D_V285,285,Stage 3b (30-44),Yes,Yes,Yes,Obese (>27),5.5-6.5%,Medium,NON-TRAP
T2D_V286,286,Stage 3b (30-44),Yes,Yes,Yes,Obese (>27),6.5-7.5%,Medium,NON-TRAP
T2D_V287,287,Stage 3b (30-44),Yes,Yes,Yes,Obese (>27),7.5-9.0%,Medium,NON-TRAP
T2D_V288,288,Stage 3b (30-44),Yes,Yes,Yes,Obese (>27),9.0-11.0%,Medium,NON-TRAP
T2D_V289,289,Stage 4 (15-29),No,No,No,Normal (<23),5.5-6.5%,Hard,NON-TRAP
T2D_V290,290,Stage 4 (15-29),No,No,No,Normal (<23),6.5-7.5%,Hard,TRAP
T2D_V291,291,Stage 4 (15-29),No,No,No,Normal (<23),7.5-9.0%,Hard,NON-TRAP
T2D_V292,292,Stage 4 (15-29),No,No,No,Normal (<23),9.0-11.0%,Hard,NON-TRAP
T2D_V293,293,Stage 4 (15-29),No,No,No,Overweight (23-27),5.5-6.5%,Hard,NON-TRAP
T2D_V294,294,Stage 4 (15-29),No,No,No,Overweight (23-27),6.5-7.5%,Hard,NON-TRAP
T2D_V295,295,Stage 4 (15-29),No,No,No,Overweight (23-27),7.5-9.0%,Hard,NON-TRAP
T2D_V296,296,Stage 4 (15-29),No,No,No,Overweight (23-27),9.0-11.0%,Hard,NON-TRAP
T2D_V297,297,Stage 4 (15-29),No,No,No,Obese (>27),5.5-6.5%,Hard,NON-TRAP
T2D_V298,298,Stage 4 (15-29),No,No,No,Obese (>27),6.5-7.5%,Hard,NON-TRAP
T2D_V299,299,Stage 4 (15-29),No,No,No,Obese (>27),7.5-9.0%,Hard,NON-TRAP
T2D_V300,300,Stage 4 (15-29),No,No,No,Obese (>27),9.0-11.0%,Hard,TRAP
T2D_V301,301,Stage 4 (15-29),No,No,Yes,Normal (<23),5.5-6.5%,Hard,NON-TRAP
T2D_V302,302,Stage 4 (15-29),No,No,Yes,Normal (<23),6.5-7.5%,Hard,NON-TRAP
T2D_V303,303,Stage 4 (15-29),No,No,Yes,Normal (<23),7.5-9.0%,Hard,NON-TRAP
T2D_V304,304,Stage 4 (15-29),No,No,Yes,Normal (<23),9.0-11.0%,Hard,NON-TRAP
T2D_V305,305,Stage 4 (15-29),No,No,Yes,Overweight (23-27),5.5-6.5%,Hard,NON-TRAP
T2D_V306,306,Stage 4 (15-29),No,No,Yes,Overweight (23-27),6.5-7.5%,Hard,NON-TRAP
T2D_V307,307,Stage 4 (15-29),No,No,Yes,Overweight (23-27),7.5-9.0%,Hard,NON-TRAP
T2D_V308,308,Stage 4 (15-29),No,No,Yes,Overweight (23-27),9.0-11.0%,Hard,NON-TRAP
T2D_V309,309,Stage 4 (15-29),No,No,Yes,Obese (>27),5.5-6.5%,Hard,NON-TRAP
T2D_V310,310,Stage 4 (15-29),No,No,Yes,Obese (>27),6.5-7.5%,Hard,TRAP
T2D_V311,311,Stage 4 (15-29),No,No,Yes,Obese (>27),7.5-9.0%,Hard,NON-TRAP
T2D_V312,312,Stage 4 (15-29),No,No,Yes,Obese (>27),9.0-11.0%,Hard,NON-TRAP
T2D_V313,313,Stage 4 (15-29),No,Yes,No,Normal (<23),5.5-6.5%,Hard,NON-TRAP
T2D_V314,314,Stage 4 (15-29),No,Yes,No,Normal (<23),6.5-7.5%,Hard,NON-TRAP
T2D_V315,315,Stage 4 (15-29),No,Yes,No,Normal (<23),7.5-9.0%,Hard,NON-TRAP
T2D_V316,316,Stage 4 (15-29),No,Yes,No,Normal (<23),9.0-11.0%,Hard,NON-TRAP
T2D_V317,317,Stage 4 (15-29),No,Yes,No,Overweight (23-27),5.5-6.5%,Hard,NON-TRAP
T2D_V318,318,Stage 4 (15-29),No,Yes,No,Overweight (23-27),6.5-7.5%,Hard,NON-TRAP
T2D_V319,319,Stage 4 (15-29),No,Yes,No,Overweight (23-27),7.5-9.0%,Hard,NON-TRAP
T2D_V320,320,Stage 4 (15-29),No,Yes,No,Overweight (23-27),9.0-11.0%,Hard,TRAP
T2D_V321,321,Stage 4 (15-29),No,Yes,No,Obese (>27),5.5-6.5%,Hard,NON-TRAP
T2D_V322,322,Stage 4 (15-29),No,Yes,No,Obese (>27),6.5-7.5%,Hard,NON-TRAP
T2D_V323,323,Stage 4 (15-29),No,Yes,No,Obese (>27),7.5-9.0%,Hard,NON-TRAP
T2D_V324,324,Stage 4 (15-29),No,Yes,No,Obese (>27),9.0-11.0%,Hard,NON-TRAP
T2D_V325,325,Stage 4 (15-29),No,Yes,Yes,Normal (<23),5.5-6.5%,Hard,NON-TRAP
T2D_V326,326,Stage 4 (15-29),No,Yes,Yes,Normal (<23),6.5-7.5%,Hard,NON-TRAP
T2D_V327,327,Stage 4 (15-29),No,Yes,Yes,Normal (<23),7.5-9.0%,Hard,NON-TRAP
T2D_V328,328,Stage 4 (15-29),No,Yes,Yes,Normal (<23),9.0-11.0%,Hard,NON-TRAP
T2D_V329,329,Stage 4 (15-29),No,Yes,Yes,Overweight (23-27),5.5-6.5%,Hard,NON-TRAP
T2D_V330,330,Stage 4 (15-29),No,Yes,Yes,Overweight (23-27),6.5-7.5%,Hard,TRAP
T2D_V331,331,Stage 4 (15-29),No,Yes,Yes,Overweight (23-27),7.5-9.0%,Hard,NON-TRAP
T2D_V332,332,Stage 4 (15-29),No,Yes,Yes,Overweight (23-27),9.0-11.0%,Hard,NON-TRAP
T2D_V333,333,Stage 4 (15-29),No,Yes,Yes,Obese (>27),5.5-6.5%,Hard,NON-TRAP
T2D_V334,334,Stage 4 (15-29),No,Yes,Yes,Obese (>27),6.5-7.5%,Hard,NON-TRAP
T2D_V335,335,Stage 4 (15-29),No,Yes,Yes,Obese (>27),7.5-9.0%,Hard,NON-TRAP
T2D_V336,336,Stage 4 (15-29),No,Yes,Yes,Obese (>27),9.0-11.0%,Hard,NON-TRAP
T2D_V337,337,Stage 4 (15-29),Yes,No,No,Normal (<23),5.5-6.5%,Hard,NON-TRAP
T2D_V338,338,Stage 4 (15-29),Yes,No,No,Normal (<23),6.5-7.5%,Hard,NON-TRAP
T2D_V339,339,Stage 4 (15-29),Yes,No,No,Normal (<23),7.5-9.0%,Hard,NON-TRAP
T2D_V340,340,Stage 4 (15-29),Yes,No,No,Normal (<23),9.0-11.0%,Hard,TRAP
T2D_V341,341,Stage 4 (15-29),Yes,No,No,Overweight (23-27),5.5-6.5%,Hard,NON-TRAP
T2D_V342,342,Stage 4 (15-29),Yes,No,No,Overweight (23-27),6.5-7.5%,Hard,NON-TRAP
T2D_V343,343,Stage 4 (15-29),Yes,No,No,Overweight (23-27),7.5-9.0%,Hard,NON-TRAP
T2D_V344,344,Stage 4 (15-29),Yes,No,No,Overweight (23-27),9.0-11.0%,Hard,NON-TRAP
T2D_V345,345,Stage 4 (15-29),Yes,No,No,Obese (>27),5.5-6.5%,Hard,NON-TRAP
T2D_V346,346,Stage 4 (15-29),Yes,No,No,Obese (>27),6.5-7.5%,Hard,NON-TRAP
T2D_V347,347,Stage 4 (15-29),Yes,No,No,Obese (>27),7.5-9.0%,Hard,NON-TRAP
T2D_V348,348,Stage 4 (15-29),Yes,No,No,Obese (>27),9.0-11.0%,Hard,NON-TRAP
T2D_V349,349,Stage 4 (15-29),Yes,No,Yes,Normal (<23),5.5-6.5%,Hard,NON-TRAP
T2D_V350,350,Stage 4 (15-29),Yes,No,Yes,Normal (<23),6.5-7.5%,Hard,TRAP
T2D_V351,351,Stage 4 (15-29),Yes,No,Yes,Normal (<23),7.5-9.0%,Hard,NON-TRAP
T2D_V352,352,Stage 4 (15-29),Yes,No,Yes,Normal (<23),9.0-11.0%,Hard,NON-TRAP
T2D_V353,353,Stage 4 (15-29),Yes,No,Yes,Overweight (23-27),5.5-6.5%,Hard,NON-TRAP
T2D_V354,354,Stage 4 (15-29),Yes,No,Yes,Overweight (23-27),6.5-7.5%,Hard,NON-TRAP
T2D_V355,355,Stage 4 (15-29),Yes,No,Yes,Overweight (23-27),7.5-9.0%,Hard,NON-TRAP
T2D_V356,356,Stage 4 (15-29),Yes,No,Yes,Overweight (23-27),9.0-11.0%,Hard,NON-TRAP
T2D_V357,357,Stage 4 (15-29),Yes,No,Yes,Obese (>27),5.5-6.5%,Hard,NON-TRAP
T2D_V358,358,Stage 4 (15-29),Yes,No,Yes,Obese (>27),6.5-7.5%,Hard,NON-TRAP
T2D_V359,359,Stage 4 (15-29),Yes,No,Yes,Obese (>27),7.5-9.0%,Hard,NON-TRAP
T2D_V360,360,Stage 4 (15-29),Yes,No,Yes,Obese (>27),9.0-11.0%,Hard,TRAP
T2D_V361,361,Stage 4 (15-29),Yes,Yes,No,Normal (<23),5.5-6.5%,Hard,NON-TRAP
T2D_V362,362,Stage 4 (15-29),Yes,Yes,No,Normal (<23),6.5-7.5%,Hard,NON-TRAP
T2D_V363,363,Stage 4 (15-29),Yes,Yes,No,Normal (<23),7.5-9.0%,Hard,NON-TRAP
T2D_V364,364,Stage 4 (15-29),Yes,Yes,No,Normal (<23),9.0-11.0%,Hard,NON-TRAP
T2D_V365,365,Stage 4 (15-29),Yes,Yes,No,Overweight (23-27),5.5-6.5%,Hard,NON-TRAP
T2D_V366,366,Stage 4 (15-29),Yes,Yes,No,Overweight (23-27),6.5-7.5%,Hard,NON-TRAP
T2D_V367,367,Stage 4 (15-29),Yes,Yes,No,Overweight (23-27),7.5-9.0%,Hard,NON-TRAP
T2D_V368,368,Stage 4 (15-29),Yes,Yes,No,Overweight (23-27),9.0-11.0%,Hard,NON-TRAP
T2D_V369,369,Stage 4 (15-29),Yes,Yes,No,Obese (>27),5.5-6.5%,Hard,NON-TRAP
T2D_V370,370,Stage 4 (15-29),Yes,Yes,No,Obese (>27),6.5-7.5%,Hard,TRAP
T2D_V371,371,Stage 4 (15-29),Yes,Yes,No,Obese (>27),7.5-9.0%,Hard,NON-TRAP
T2D_V372,372,Stage 4 (15-29),Yes,Yes,No,Obese (>27),9.0-11.0%,Hard,NON-TRAP
T2D_V373,373,Stage 4 (15-29),Yes,Yes,Yes,Normal (<23),5.5-6.5%,Hard,NON-TRAP
T2D_V374,374,Stage 4 (15-29),Yes,Yes,Yes,Normal (<23),6.5-7.5%,Hard,NON-TRAP
T2D_V375,375,Stage 4 (15-29),Yes,Yes,Yes,Normal (<23),7.5-9.0%,Hard,NON-TRAP
T2D_V376,376,Stage 4 (15-29),Yes,Yes,Yes,Normal (<23),9.0-11.0%,Hard,NON-TRAP
T2D_V377,377,Stage 4 (15-29),Yes,Yes,Yes,Overweight (23-27),5.5-6.5%,Hard,NON-TRAP
T2D_V378,378,Stage 4 (15-29),Yes,Yes,Yes,Overweight (23-27),6.5-7.5%,Hard,NON-TRAP
T2D_V379,379,Stage 4 (15-29),Yes,Yes,Yes,Overweight (23-27),7.5-9.0%,Hard,NON-TRAP
T2D_V380,380,Stage 4 (15-29),Yes,Yes,Yes,Overweight (23-27),9.0-11.0%,Hard,TRAP
T2D_V381,381,Stage 4 (15-29),Yes,Yes,Yes,Obese (>27),5.5-6.5%,Hard,NON-TRAP
T2D_V382,382,Stage 4 (15-29),Yes,Yes,Yes,Obese (>27),6.5-7.5%,Hard,NON-TRAP
T2D_V383,383,Stage 4 (15-29),Yes,Yes,Yes,Obese (>27),7.5-9.0%,Hard,NON-TRAP
T2D_V384,384,Stage 4 (15-29),Yes,Yes,Yes,Obese (>27),9.0-11.0%,Hard,NON-TRAP
T2D_V385,385,Stage 5 (0-15),No,No,No,Normal (<23),5.5-6.5%,Hard,NON-TRAP
T2D_V386,386,Stage 5 (0-15),No,No,No,Normal (<23),6.5-7.5%,Hard,NON-TRAP
T2D_V387,387,Stage 5 (0-15),No,No,No,Normal (<23),7.5-9.0%,Hard,NON-TRAP
T2D_V388,388,Stage 5 (0-15),No,No,No,Normal (<23),9.0-11.0%,Hard,NON-TRAP
T2D_V389,389,Stage 5 (0-15),No,No,No,Overweight (23-27),5.5-6.5%,Hard,NON-TRAP
T2D_V390,390,Stage 5 (0-15),No,No,No,Overweight (23-27),6.5-7.5%,Hard,TRAP
T2D_V391,391,Stage 5 (0-15),No,No,No,Overweight (23-27),7.5-9.0%,Hard,NON-TRAP
T2D_V392,392,Stage 5 (0-15),No,No,No,Overweight (23-27),9.0-11.0%,Hard,NON-TRAP
T2D_V393,393,Stage 5 (0-15),No,No,No,Obese (>27),5.5-6.5%,Hard,NON-TRAP
T2D_V394,394,Stage 5 (0-15),No,No,No,Obese (>27),6.5-7.5%,Hard,NON-TRAP
T2D_V395,395,Stage 5 (0-15),No,No,No,Obese (>27),7.5-9.0%,Hard,NON-TRAP
T2D_V396,396,Stage 5 (0-15),No,No,No,Obese (>27),9.0-11.0%,Hard,NON-TRAP
T2D_V397,397,Stage 5 (0-15),No,No,Yes,Normal (<23),5.5-6.5%,Hard,NON-TRAP
T2D_V398,398,Stage 5 (0-15),No,No,Yes,Normal (<23),6.5-7.5%,Hard,NON-TRAP
T2D_V399,399,Stage 5 (0-15),No,No,Yes,Normal (<23),7.5-9.0%,Hard,NON-TRAP
T2D_V400,400,Stage 5 (0-15),No,No,Yes,Normal (<23),9.0-11.0%,Hard,TRAP
T2D_V401,401,Stage 5 (0-15),No,No,Yes,Overweight (23-27),5.5-6.5%,Hard,NON-TRAP
T2D_V402,402,Stage 5 (0-15),No,No,Yes,Overweight (23-27),6.5-7.5%,Hard,NON-TRAP
T2D_V403,403,Stage 5 (0-15),No,No,Yes,Overweight (23-27),7.5-9.0%,Hard,NON-TRAP
T2D_V404,404,Stage 5 (0-15),No,No,Yes,Overweight (23-27),9.0-11.0%,Hard,NON-TRAP
T2D_V405,405,Stage 5 (0-15),No,No,Yes,Obese (>27),5.5-6.5%,Hard,NON-TRAP
T2D_V406,406,Stage 5 (0-15),No,No,Yes,Obese (>27),6.5-7.5%,Hard,NON-TRAP
T2D_V407,407,Stage 5 (0-15),No,No,Yes,Obese (>27),7.5-9.0%,Hard,NON-TRAP
T2D_V408,408,Stage 5 (0-15),No,No,Yes,Obese (>27),9.0-11.0%,Hard,NON-TRAP
T2D_V409,409,Stage 5 (0-15),No,Yes,No,Normal (<23),5.5-6.5%,Hard,NON-TRAP
T2D_V410,410,Stage 5 (0-15),No,Yes,No,Normal (<23),6.5-7.5%,Hard,TRAP
T2D_V411,411,Stage 5 (0-15),No,Yes,No,Normal (<23),7.5-9.0%,Hard,NON-TRAP
T2D_V412,412,Stage 5 (0-15),No,Yes,No,Normal (<23),9.0-11.0%,Hard,NON-TRAP
T2D_V413,413,Stage 5 (0-15),No,Yes,No,Overweight (23-27),5.5-6.5%,Hard,NON-TRAP
T2D_V414,414,Stage 5 (0-15),No,Yes,No,Overweight (23-27),6.5-7.5%,Hard,NON-TRAP
T2D_V415,415,Stage 5 (0-15),No,Yes,No,Overweight (23-27),7.5-9.0%,Hard,NON-TRAP
T2D_V416,416,Stage 5 (0-15),No,Yes,No,Overweight (23-27),9.0-11.0%,Hard,NON-TRAP
T2D_V417,417,Stage 5 (0-15),No,Yes,No,Obese (>27),5.5-6.5%,Hard,NON-TRAP
T2D_V418,418,Stage 5 (0-15),No,Yes,No,Obese (>27),6.5-7.5%,Hard,NON-TRAP
T2D_V419,419,Stage 5 (0-15),No,Yes,No,Obese (>27),7.5-9.0%,Hard,NON-TRAP
T2D_V420,420,Stage 5 (0-15),No,Yes,No,Obese (>27),9.0-11.0%,Hard,TRAP
T2D_V421,421,Stage 5 (0-15),No,Yes,Yes,Normal (<23),5.5-6.5%,Hard,NON-TRAP
T2D_V422,422,Stage 5 (0-15),No,Yes,Yes,Normal (<23),6.5-7.5%,Hard,NON-TRAP
T2D_V423,423,Stage 5 (0-15),No,Yes,Yes,Normal (<23),7.5-9.0%,Hard,NON-TRAP
T2D_V424,424,Stage 5 (0-15),No,Yes,Yes,Normal (<23),9.0-11.0%,Hard,NON-TRAP
T2D_V425,425,Stage 5 (0-15),No,Yes,Yes,Overweight (23-27),5.5-6.5%,Hard,NON-TRAP
T2D_V426,426,Stage 5 (0-15),No,Yes,Yes,Overweight (23-27),6.5-7.5%,Hard,NON-TRAP
T2D_V427,427,Stage 5 (0-15),No,Yes,Yes,Overweight (23-27),7.5-9.0%,Hard,NON-TRAP
T2D_V428,428,Stage 5 (0-15),No,Yes,Yes,Overweight (23-27),9.0-11.0%,Hard,NON-TRAP
T2D_V429,429,Stage 5 (0-15),No,Yes,Yes,Obese (>27),5.5-6.5%,Hard,NON-TRAP
T2D_V430,430,Stage 5 (0-15),No,Yes,Yes,Obese (>27),6.5-7.5%,Hard,TRAP
T2D_V431,431,Stage 5 (0-15),No,Yes,Yes,Obese (>27),7.5-9.0%,Hard,NON-TRAP
T2D_V432,432,Stage 5 (0-15),No,Yes,Yes,Obese (>27),9.0-11.0%,Hard,NON-TRAP
T2D_V433,433,Stage 5 (0-15),Yes,No,No,Normal (<23),5.5-6.5%,Hard,NON-TRAP
T2D_V434,434,Stage 5 (0-15),Yes,No,No,Normal (<23),6.5-7.5%,Hard,NON-TRAP
T2D_V435,435,Stage 5 (0-15),Yes,No,No,Normal (<23),7.5-9.0%,Hard,NON-TRAP
T2D_V436,436,Stage 5 (0-15),Yes,No,No,Normal (<23),9.0-11.0%,Hard,NON-TRAP
T2D_V437,437,Stage 5 (0-15),Yes,No,No,Overweight (23-27),5.5-6.5%,Hard,NON-TRAP
T2D_V438,438,Stage 5 (0-15),Yes,No,No,Overweight (23-27),6.5-7.5%,Hard,NON-TRAP
T2D_V439,439,Stage 5 (0-15),Yes,No,No,Overweight (23-27),7.5-9.0%,Hard,NON-TRAP
T2D_V440,440,Stage 5 (0-15),Yes,No,No,Overweight (23-27),9.0-11.0%,Hard,TRAP
T2D_V441,441,Stage 5 (0-15),Yes,No,No,Obese (>27),5.5-6.5%,Hard,NON-TRAP
T2D_V442,442,Stage 5 (0-15),Yes,No,No,Obese (>27),6.5-7.5%,Hard,NON-TRAP
T2D_V443,443,Stage 5 (0-15),Yes,No,No,Obese (>27),7.5-9.0%,Hard,NON-TRAP
T2D_V444,444,Stage 5 (0-15),Yes,No,No,Obese (>27),9.0-11.0%,Hard,NON-TRAP
T2D_V445,445,Stage 5 (0-15),Yes,No,Yes,Normal (<23),5.5-6.5%,Hard,NON-TRAP
T2D_V446,446,Stage 5 (0-15),Yes,No,Yes,Normal (<23),6.5-7.5%,Hard,NON-TRAP
T2D_V447,447,Stage 5 (0-15),Yes,No,Yes,Normal (<23),7.5-9.0%,Hard,NON-TRAP
T2D_V448,448,Stage 5 (0-15),Yes,No,Yes,Normal (<23),9.0-11.0%,Hard,NON-TRAP
T2D_V449,449,Stage 5 (0-15),Yes,No,Yes,Overweight (23-27),5.5-6.5%,Hard,NON-TRAP
T2D_V450,450,Stage 5 (0-15),Yes,No,Yes,Overweight (23-27),6.5-7.5%,Hard,TRAP
T2D_V451,451,Stage 5 (0-15),Yes,No,Yes,Overweight (23-27),7.5-9.0%,Hard,NON-TRAP
T2D_V452,452,Stage 5 (0-15),Yes,No,Yes,Overweight (23-27),9.0-11.0%,Hard,NON-TRAP
T2D_V453,453,Stage 5 (0-15),Yes,No,Yes,Obese (>27),5.5-6.5%,Hard,NON-TRAP
T2D_V454,454,Stage 5 (0-15),Yes,No,Yes,Obese (>27),6.5-7.5%,Hard,NON-TRAP
T2D_V455,455,Stage 5 (0-15),Yes,No,Yes,Obese (>27),7.5-9.0%,Hard,NON-TRAP
T2D_V456,456,Stage 5 (0-15),Yes,No,Yes,Obese (>27),9.0-11.0%,Hard,NON-TRAP
T2D_V457,457,Stage 5 (0-15),Yes,Yes,No,Normal (<23),5.5-6.5%,Hard,NON-TRAP
T2D_V458,458,Stage 5 (0-15),Yes,Yes,No,Normal (<23),6.5-7.5%,Hard,NON-TRAP
T2D_V459,459,Stage 5 (0-15),Yes,Yes,No,Normal (<23),7.5-9.0%,Hard,NON-TRAP
T2D_V460,460,Stage 5 (0-15),Yes,Yes,No,Normal (<23),9.0-11.0%,Hard,TRAP
T2D_V461,461,Stage 5 (0-15),Yes,Yes,No,Overweight (23-27),5.5-6.5%,Hard,NON-TRAP
T2D_V462,462,Stage 5 (0-15),Yes,Yes,No,Overweight (23-27),6.5-7.5%,Hard,NON-TRAP
T2D_V463,463,Stage 5 (0-15),Yes,Yes,No,Overweight (23-27),7.5-9.0%,Hard,NON-TRAP
T2D_V464,464,Stage 5 (0-15),Yes,Yes,No,Overweight (23-27),9.0-11.0%,Hard,NON-TRAP
T2D_V465,465,Stage 5 (0-15),Yes,Yes,No,Obese (>27),5.5-6.5%,Hard,NON-TRAP
T2D_V466,466,Stage 5 (0-15),Yes,Yes,No,Obese (>27),6.5-7.5%,Hard,NON-TRAP
T2D_V467,467,Stage 5 (0-15),Yes,Yes,No,Obese (>27),7.5-9.0%,Hard,NON-TRAP
T2D_V468,468,Stage 5 (0-15),Yes,Yes,No,Obese (>27),9.0-11.0%,Hard,NON-TRAP
T2D_V469,469,Stage 5 (0-15),Yes,Yes,Yes,Normal (<23),5.5-6.5%,Hard,NON-TRAP
T2D_V470,470,Stage 5 (0-15),Yes,Yes,Yes,Normal (<23),6.5-7.5%,Hard,TRAP
T2D_V471,471,Stage 5 (0-15),Yes,Yes,Yes,Normal (<23),7.5-9.0%,Hard,NON-TRAP
T2D_V472,472,Stage 5 (0-15),Yes,Yes,Yes,Normal (<23),9.0-11.0%,Hard,NON-TRAP
T2D_V473,473,Stage 5 (0-15),Yes,Yes,Yes,Overweight (23-27),5.5-6.5%,Hard,NON-TRAP
T2D_V474,474,Stage 5 (0-15),Yes,Yes,Yes,Overweight (23-27),6.5-7.5%,Hard,NON-TRAP
T2D_V475,475,Stage 5 (0-15),Yes,Yes,Yes,Overweight (23-27),7.5-9.0%,Hard,NON-TRAP
T2D_V476,476,Stage 5 (0-15),Yes,Yes,Yes,Overweight (23-27),9.0-11.0%,Hard,NON-TRAP
T2D_V477,477,Stage 5 (0-15),Yes,Yes,Yes,Obese (>27),5.5-6.5%,Hard,NON-TRAP
T2D_V478,478,Stage 5 (0-15),Yes,Yes,Yes,Obese (>27),6.5-7.5%,Hard,NON-TRAP
T2D_V479,479,Stage 5 (0-15),Yes,Yes,Yes,Obese (>27),7.5-9.0%,Hard,NON-TRAP
T2D_V480,480,Stage 5 (0-15),Yes,Yes,Yes,Obese (>27),9.0-11.0%,Hard,TRAP
