protocol,case_id,question_key,rater_config,Y_0_100
baseline,DEMO_CASE_001,Q1,cfg_01,14.67
baseline,DEMO_CASE_001,Q1,cfg_02,24.99
baseline,DEMO_CASE_001,Q1,cfg_03,8.54
baseline,DEMO_CASE_001,Q1,cfg_04,24.01
baseline,DEMO_CASE_001,Q1,cfg_05,0.0
baseline,DEMO_CASE_001,Q1,cfg_06,14.53
baseline,DEMO_CASE_001,Q2,cfg_01,1.52
baseline,DEMO_CASE_001,Q2,cfg_02,17.52
baseline,DEMO_CASE_001,Q2,cfg_03,3.94
baseline,DEMO_CASE_001,Q2,cfg_04,1.08
baseline,DEMO_CASE_001,Q2,cfg_05,1.91
baseline,DEMO_CASE_001,Q2,cfg_06,18.95
baseline,DEMO_CASE_001,Q3,cfg_01,27.52
baseline,DEMO_CASE_001,Q3,cfg_02,0.0
baseline,DEMO_CASE_001,Q3,cfg_03,22.85
baseline,DEMO_CASE_001,Q3,cfg_04,9.77
baseline,DEMO_CASE_001,Q3,cfg_05,19.7
baseline,DEMO_CASE_001,Q3,cfg_06,0.46
baseline,DEMO_CASE_001,Q4,cfg_01,1.09
baseline,DEMO_CASE_001,Q4,cfg_02,15.68
baseline,DEMO_CASE_001,Q4,cfg_03,3.88
baseline,DEMO_CASE_001,Q4,cfg_04,16.45
baseline,DEMO_CASE_001,Q4,cfg_05,13.69
baseline,DEMO_CASE_001,Q4,cfg_06,28.76
baseline,DEMO_CASE_001,Q5,cfg_01,10.09
baseline,DEMO_CASE_001,Q5,cfg_02,0.75
baseline,DEMO_CASE_001,Q5,cfg_03,21.84
baseline,DEMO_CASE_001,Q5,cfg_04,1.04
baseline,DEMO_CASE_001,Q5,cfg_05,31.26
baseline,DEMO_CASE_001,Q5,cfg_06,3.88
baseline,DEMO_CASE_001,Q6,cfg_01,16.59
baseline,DEMO_CASE_001,Q6,cfg_02,24.29
baseline,DEMO_CASE_001,Q6,cfg_03,30.31
baseline,DEMO_CASE_001,Q6,cfg_04,22.17
baseline,DEMO_CASE_001,Q6,cfg_05,4.23
baseline,DEMO_CASE_001,Q6,cfg_06,3.18
baseline,DEMO_CASE_001,Q7,cfg_01,22.28
baseline,DEMO_CASE_001,Q7,cfg_02,8.6
baseline,DEMO_CASE_001,Q7,cfg_03,2.31
baseline,DEMO_CASE_001,Q7,cfg_04,13.83
baseline,DEMO_CASE_001,Q7,cfg_05,1.34
baseline,DEMO_CASE_001,Q7,cfg_06,0.0
baseline,DEMO_CASE_001,Q8,cfg_01,8.25
baseline,DEMO_CASE_001,Q8,cfg_02,12.83
baseline,DEMO_CASE_001,Q8,cfg_03,0.73
baseline,DEMO_CASE_001,Q8,cfg_04,27.95
baseline,DEMO_CASE_001,Q8,cfg_05,10.73
baseline,DEMO_CASE_001,Q8,cfg_06,16.06
baseline,DEMO_CASE_001,Q9,cfg_01,0.0
baseline,DEMO_CASE_001,Q9,cfg_02,15.01
baseline,DEMO_CASE_001,Q9,cfg_03,0.0
baseline,DEMO_CASE_001,Q9,cfg_04,0.0
baseline,DEMO_CASE_001,Q9,cfg_05,6.13
baseline,DEMO_CASE_001,Q9,cfg_06,10.18
baseline,DEMO_CASE_001,Q10,cfg_01,3.41
baseline,DEMO_CASE_001,Q10,cfg_02,5.88
baseline,DEMO_CASE_001,Q10,cfg_03,5.86
baseline,DEMO_CASE_001,Q10,cfg_04,0.0
baseline,DEMO_CASE_001,Q10,cfg_05,0.0
baseline,DEMO_CASE_001,Q10,cfg_06,0.0
baseline,DEMO_CASE_001,Q11,cfg_01,0.0
baseline,DEMO_CASE_001,Q11,cfg_02,5.7
baseline,DEMO_CASE_001,Q11,cfg_03,0.0
baseline,DEMO_CASE_001,Q11,cfg_04,0.0
baseline,DEMO_CASE_001,Q11,cfg_05,0.0
baseline,DEMO_CASE_001,Q11,cfg_06,12.49
baseline,DEMO_CASE_001,Q12,cfg_01,0.0
baseline,DEMO_CASE_001,Q12,cfg_02,6.96
baseline,DEMO_CASE_001,Q12,cfg_03,8.05
baseline,DEMO_CASE_001,Q12,cfg_04,0.0
baseline,DEMO_CASE_001,Q12,cfg_05,9.39
baseline,DEMO_CASE_001,Q12,cfg_06,7.72
baseline,DEMO_CASE_001,Q13,cfg_01,3.56
baseline,DEMO_CASE_001,Q13,cfg_02,0.0
baseline,DEMO_CASE_001,Q13,cfg_03,11.9
baseline,DEMO_CASE_001,Q13,cfg_04,2.96
baseline,DEMO_CASE_001,Q13,cfg_05,7.99
baseline,DEMO_CASE_001,Q13,cfg_06,0.0
baseline,DEMO_CASE_001,Q14,cfg_01,8.82
baseline,DEMO_CASE_001,Q14,cfg_02,0.0
baseline,DEMO_CASE_001,Q14,cfg_03,0.0
baseline,DEMO_CASE_001,Q14,cfg_04,0.0
baseline,DEMO_CASE_001,Q14,cfg_05,2.88
baseline,DEMO_CASE_001,Q14,cfg_06,0.0
baseline,DEMO_CASE_001,Q15,cfg_01,0.0
baseline,DEMO_CASE_001,Q15,cfg_02,0.0
baseline,DEMO_CASE_001,Q15,cfg_03,4.08
baseline,DEMO_CASE_001,Q15,cfg_04,14.57
baseline,DEMO_CASE_001,Q15,cfg_05,0.0
baseline,DEMO_CASE_001,Q15,cfg_06,0.0
baseline,DEMO_CASE_002,Q1,cfg_01,13.43
baseline,DEMO_CASE_002,Q1,cfg_02,21.94
baseline,DEMO_CASE_002,Q1,cfg_03,27.07
baseline,DEMO_CASE_002,Q1,cfg_04,17.18
baseline,DEMO_CASE_002,Q1,cfg_05,11.88
baseline,DEMO_CASE_002,Q1,cfg_06,12.6
baseline,DEMO_CASE_002,Q2,cfg_01,11.54
baseline,DEMO_CASE_002,Q2,cfg_02,3.87
baseline,DEMO_CASE_002,Q2,cfg_03,1.47
baseline,DEMO_CASE_002,Q2,cfg_04,24.1
baseline,DEMO_CASE_002,Q2,cfg_05,22.66
baseline,DEMO_CASE_002,Q2,cfg_06,4.15
baseline,DEMO_CASE_002,Q3,cfg_01,28.01
baseline,DEMO_CASE_002,Q3,cfg_02,22.9
baseline,DEMO_CASE_002,Q3,cfg_03,15.88
baseline,DEMO_CASE_002,Q3,cfg_04,22.58
baseline,DEMO_CASE_002,Q3,cfg_05,18.76
baseline,DEMO_CASE_002,Q3,cfg_06,12.39
baseline,DEMO_CASE_002,Q4,cfg_01,12.06
baseline,DEMO_CASE_002,Q4,cfg_02,4.7
baseline,DEMO_CASE_002,Q4,cfg_03,31.07
baseline,DEMO_CASE_002,Q4,cfg_04,8.98
baseline,DEMO_CASE_002,Q4,cfg_05,13.03
baseline,DEMO_CASE_002,Q4,cfg_06,24.32
baseline,DEMO_CASE_002,Q5,cfg_01,21.28
baseline,DEMO_CASE_002,Q5,cfg_02,18.0
baseline,DEMO_CASE_002,Q5,cfg_03,15.56
baseline,DEMO_CASE_002,Q5,cfg_04,19.33
baseline,DEMO_CASE_002,Q5,cfg_05,18.22
baseline,DEMO_CASE_002,Q5,cfg_06,6.02
baseline,DEMO_CASE_002,Q6,cfg_01,7.69
baseline,DEMO_CASE_002,Q6,cfg_02,24.66
baseline,DEMO_CASE_002,Q6,cfg_03,27.39
baseline,DEMO_CASE_002,Q6,cfg_04,25.86
baseline,DEMO_CASE_002,Q6,cfg_05,28.23
baseline,DEMO_CASE_002,Q6,cfg_06,6.52
baseline,DEMO_CASE_002,Q7,cfg_01,3.02
baseline,DEMO_CASE_002,Q7,cfg_02,8.64
baseline,DEMO_CASE_002,Q7,cfg_03,11.69
baseline,DEMO_CASE_002,Q7,cfg_04,30.08
baseline,DEMO_CASE_002,Q7,cfg_05,3.92
baseline,DEMO_CASE_002,Q7,cfg_06,7.14
baseline,DEMO_CASE_002,Q8,cfg_01,21.28
baseline,DEMO_CASE_002,Q8,cfg_02,25.82
baseline,DEMO_CASE_002,Q8,cfg_03,18.66
baseline,DEMO_CASE_002,Q8,cfg_04,25.6
baseline,DEMO_CASE_002,Q8,cfg_05,27.4
baseline,DEMO_CASE_002,Q8,cfg_06,16.5
baseline,DEMO_CASE_002,Q9,cfg_01,14.21
baseline,DEMO_CASE_002,Q9,cfg_02,0.0
baseline,DEMO_CASE_002,Q9,cfg_03,0.0
baseline,DEMO_CASE_002,Q9,cfg_04,11.65
baseline,DEMO_CASE_002,Q9,cfg_05,6.37
baseline,DEMO_CASE_002,Q9,cfg_06,4.13
baseline,DEMO_CASE_002,Q10,cfg_01,0.0
baseline,DEMO_CASE_002,Q10,cfg_02,4.04
baseline,DEMO_CASE_002,Q10,cfg_03,4.15
baseline,DEMO_CASE_002,Q10,cfg_04,12.53
baseline,DEMO_CASE_002,Q10,cfg_05,15.82
baseline,DEMO_CASE_002,Q10,cfg_06,0.46
baseline,DEMO_CASE_002,Q11,cfg_01,6.89
baseline,DEMO_CASE_002,Q11,cfg_02,0.0
baseline,DEMO_CASE_002,Q11,cfg_03,7.7
baseline,DEMO_CASE_002,Q11,cfg_04,0.0
baseline,DEMO_CASE_002,Q11,cfg_05,0.0
baseline,DEMO_CASE_002,Q11,cfg_06,0.0
baseline,DEMO_CASE_002,Q12,cfg_01,2.12
baseline,DEMO_CASE_002,Q12,cfg_02,5.44
baseline,DEMO_CASE_002,Q12,cfg_03,9.78
baseline,DEMO_CASE_002,Q12,cfg_04,15.42
baseline,DEMO_CASE_002,Q12,cfg_05,9.3
baseline,DEMO_CASE_002,Q12,cfg_06,0.0
baseline,DEMO_CASE_002,Q13,cfg_01,0.0
baseline,DEMO_CASE_002,Q13,cfg_02,0.0
baseline,DEMO_CASE_002,Q13,cfg_03,0.0
baseline,DEMO_CASE_002,Q13,cfg_04,11.1
baseline,DEMO_CASE_002,Q13,cfg_05,0.0
baseline,DEMO_CASE_002,Q13,cfg_06,0.0
baseline,DEMO_CASE_002,Q14,cfg_01,0.07
baseline,DEMO_CASE_002,Q14,cfg_02,6.82
baseline,DEMO_CASE_002,Q14,cfg_03,8.57
baseline,DEMO_CASE_002,Q14,cfg_04,0.0
baseline,DEMO_CASE_002,Q14,cfg_05,0.0
baseline,DEMO_CASE_002,Q14,cfg_06,3.04
baseline,DEMO_CASE_002,Q15,cfg_01,0.0
baseline,DEMO_CASE_002,Q15,cfg_02,0.0
baseline,DEMO_CASE_002,Q15,cfg_03,4.89
baseline,DEMO_CASE_002,Q15,cfg_04,0.0
baseline,DEMO_CASE_002,Q15,cfg_05,0.0
baseline,DEMO_CASE_002,Q15,cfg_06,0.0
baseline,DEMO_CASE_003,Q1,cfg_01,1.6
baseline,DEMO_CASE_003,Q1,cfg_02,2.3
baseline,DEMO_CASE_003,Q1,cfg_03,31.99
baseline,DEMO_CASE_003,Q1,cfg_04,21.93
baseline,DEMO_CASE_003,Q1,cfg_05,18.69
baseline,DEMO_CASE_003,Q1,cfg_06,14.18
baseline,DEMO_CASE_003,Q2,cfg_01,17.84
baseline,DEMO_CASE_003,Q2,cfg_02,1.17
baseline,DEMO_CASE_003,Q2,cfg_03,26.89
baseline,DEMO_CASE_003,Q2,cfg_04,23.54
baseline,DEMO_CASE_003,Q2,cfg_05,3.74
baseline,DEMO_CASE_003,Q2,cfg_06,24.33
baseline,DEMO_CASE_003,Q3,cfg_01,29.13
baseline,DEMO_CASE_003,Q3,cfg_02,10.74
baseline,DEMO_CASE_003,Q3,cfg_03,29.01
baseline,DEMO_CASE_003,Q3,cfg_04,15.73
baseline,DEMO_CASE_003,Q3,cfg_05,7.27
baseline,DEMO_CASE_003,Q3,cfg_06,32.14
baseline,DEMO_CASE_003,Q4,cfg_01,24.57
baseline,DEMO_CASE_003,Q4,cfg_02,5.75
baseline,DEMO_CASE_003,Q4,cfg_03,20.31
baseline,DEMO_CASE_003,Q4,cfg_04,2.99
baseline,DEMO_CASE_003,Q4,cfg_05,11.23
baseline,DEMO_CASE_003,Q4,cfg_06,7.0
baseline,DEMO_CASE_003,Q5,cfg_01,25.85
baseline,DEMO_CASE_003,Q5,cfg_02,1.0
baseline,DEMO_CASE_003,Q5,cfg_03,2.13
baseline,DEMO_CASE_003,Q5,cfg_04,32.44
baseline,DEMO_CASE_003,Q5,cfg_05,12.69
baseline,DEMO_CASE_003,Q5,cfg_06,29.21
baseline,DEMO_CASE_003,Q6,cfg_01,22.6
baseline,DEMO_CASE_003,Q6,cfg_02,16.88
baseline,DEMO_CASE_003,Q6,cfg_03,14.98
baseline,DEMO_CASE_003,Q6,cfg_04,22.63
baseline,DEMO_CASE_003,Q6,cfg_05,2.76
baseline,DEMO_CASE_003,Q6,cfg_06,21.72
baseline,DEMO_CASE_003,Q7,cfg_01,5.47
baseline,DEMO_CASE_003,Q7,cfg_02,28.78
baseline,DEMO_CASE_003,Q7,cfg_03,4.71
baseline,DEMO_CASE_003,Q7,cfg_04,29.52
baseline,DEMO_CASE_003,Q7,cfg_05,4.96
baseline,DEMO_CASE_003,Q7,cfg_06,9.65
baseline,DEMO_CASE_003,Q8,cfg_01,10.55
baseline,DEMO_CASE_003,Q8,cfg_02,22.2
baseline,DEMO_CASE_003,Q8,cfg_03,22.27
baseline,DEMO_CASE_003,Q8,cfg_04,14.89
baseline,DEMO_CASE_003,Q8,cfg_05,3.93
baseline,DEMO_CASE_003,Q8,cfg_06,23.8
baseline,DEMO_CASE_003,Q9,cfg_01,13.79
baseline,DEMO_CASE_003,Q9,cfg_02,4.61
baseline,DEMO_CASE_003,Q9,cfg_03,0.0
baseline,DEMO_CASE_003,Q9,cfg_04,7.07
baseline,DEMO_CASE_003,Q9,cfg_05,0.0
baseline,DEMO_CASE_003,Q9,cfg_06,12.27
baseline,DEMO_CASE_003,Q10,cfg_01,8.05
baseline,DEMO_CASE_003,Q10,cfg_02,0.35
baseline,DEMO_CASE_003,Q10,cfg_03,0.0
baseline,DEMO_CASE_003,Q10,cfg_04,0.0
baseline,DEMO_CASE_003,Q10,cfg_05,13.2
baseline,DEMO_CASE_003,Q10,cfg_06,5.28
baseline,DEMO_CASE_003,Q11,cfg_01,0.0
baseline,DEMO_CASE_003,Q11,cfg_02,0.0
baseline,DEMO_CASE_003,Q11,cfg_03,4.66
baseline,DEMO_CASE_003,Q11,cfg_04,3.21
baseline,DEMO_CASE_003,Q11,cfg_05,8.19
baseline,DEMO_CASE_003,Q11,cfg_06,0.0
baseline,DEMO_CASE_003,Q12,cfg_01,15.65
baseline,DEMO_CASE_003,Q12,cfg_02,0.0
baseline,DEMO_CASE_003,Q12,cfg_03,11.18
baseline,DEMO_CASE_003,Q12,cfg_04,0.0
baseline,DEMO_CASE_003,Q12,cfg_05,0.0
baseline,DEMO_CASE_003,Q12,cfg_06,10.67
baseline,DEMO_CASE_003,Q13,cfg_01,0.12
baseline,DEMO_CASE_003,Q13,cfg_02,0.0
baseline,DEMO_CASE_003,Q13,cfg_03,5.81
baseline,DEMO_CASE_003,Q13,cfg_04,0.0
baseline,DEMO_CASE_003,Q13,cfg_05,0.0
baseline,DEMO_CASE_003,Q13,cfg_06,0.0
baseline,DEMO_CASE_003,Q14,cfg_01,3.65
baseline,DEMO_CASE_003,Q14,cfg_02,13.28
baseline,DEMO_CASE_003,Q14,cfg_03,0.0
baseline,DEMO_CASE_003,Q14,cfg_04,0.0
baseline,DEMO_CASE_003,Q14,cfg_05,6.56
baseline,DEMO_CASE_003,Q14,cfg_06,0.0
baseline,DEMO_CASE_003,Q15,cfg_01,0.0
baseline,DEMO_CASE_003,Q15,cfg_02,3.8
baseline,DEMO_CASE_003,Q15,cfg_03,0.0
baseline,DEMO_CASE_003,Q15,cfg_04,16.35
baseline,DEMO_CASE_003,Q15,cfg_05,0.0
baseline,DEMO_CASE_003,Q15,cfg_06,0.0
baseline,DEMO_CASE_004,Q1,cfg_01,23.39
baseline,DEMO_CASE_004,Q1,cfg_02,28.5
baseline,DEMO_CASE_004,Q1,cfg_03,24.26
baseline,DEMO_CASE_004,Q1,cfg_04,2.5
baseline,DEMO_CASE_004,Q1,cfg_05,7.43
baseline,DEMO_CASE_004,Q1,cfg_06,27.49
baseline,DEMO_CASE_004,Q2,cfg_01,14.03
baseline,DEMO_CASE_004,Q2,cfg_02,14.24
baseline,DEMO_CASE_004,Q2,cfg_03,29.62
baseline,DEMO_CASE_004,Q2,cfg_04,30.95
baseline,DEMO_CASE_004,Q2,cfg_05,32.49
baseline,DEMO_CASE_004,Q2,cfg_06,9.37
baseline,DEMO_CASE_004,Q3,cfg_01,22.42
baseline,DEMO_CASE_004,Q3,cfg_02,13.41
baseline,DEMO_CASE_004,Q3,cfg_03,32.71
baseline,DEMO_CASE_004,Q3,cfg_04,30.1
baseline,DEMO_CASE_004,Q3,cfg_05,16.11
baseline,DEMO_CASE_004,Q3,cfg_06,30.73
baseline,DEMO_CASE_004,Q4,cfg_01,5.75
baseline,DEMO_CASE_004,Q4,cfg_02,29.32
baseline,DEMO_CASE_004,Q4,cfg_03,16.87
baseline,DEMO_CASE_004,Q4,cfg_04,14.42
baseline,DEMO_CASE_004,Q4,cfg_05,8.48
baseline,DEMO_CASE_004,Q4,cfg_06,14.18
baseline,DEMO_CASE_004,Q5,cfg_01,24.76
baseline,DEMO_CASE_004,Q5,cfg_02,4.44
baseline,DEMO_CASE_004,Q5,cfg_03,19.19
baseline,DEMO_CASE_004,Q5,cfg_04,22.39
baseline,DEMO_CASE_004,Q5,cfg_05,10.37
baseline,DEMO_CASE_004,Q5,cfg_06,28.58
baseline,DEMO_CASE_004,Q6,cfg_01,29.4
baseline,DEMO_CASE_004,Q6,cfg_02,19.95
baseline,DEMO_CASE_004,Q6,cfg_03,1.43
baseline,DEMO_CASE_004,Q6,cfg_04,17.06
baseline,DEMO_CASE_004,Q6,cfg_05,19.72
baseline,DEMO_CASE_004,Q6,cfg_06,27.85
baseline,DEMO_CASE_004,Q7,cfg_01,1.21
baseline,DEMO_CASE_004,Q7,cfg_02,6.74
baseline,DEMO_CASE_004,Q7,cfg_03,27.56
baseline,DEMO_CASE_004,Q7,cfg_04,2.75
baseline,DEMO_CASE_004,Q7,cfg_05,6.16
baseline,DEMO_CASE_004,Q7,cfg_06,31.63
baseline,DEMO_CASE_004,Q8,cfg_01,19.6
baseline,DEMO_CASE_004,Q8,cfg_02,9.53
baseline,DEMO_CASE_004,Q8,cfg_03,20.1
baseline,DEMO_CASE_004,Q8,cfg_04,14.25
baseline,DEMO_CASE_004,Q8,cfg_05,32.06
baseline,DEMO_CASE_004,Q8,cfg_06,16.85
baseline,DEMO_CASE_004,Q9,cfg_01,14.99
baseline,DEMO_CASE_004,Q9,cfg_02,17.02
baseline,DEMO_CASE_004,Q9,cfg_03,0.0
baseline,DEMO_CASE_004,Q9,cfg_04,6.64
baseline,DEMO_CASE_004,Q9,cfg_05,6.84
baseline,DEMO_CASE_004,Q9,cfg_06,0.0
baseline,DEMO_CASE_004,Q10,cfg_01,6.56
baseline,DEMO_CASE_004,Q10,cfg_02,0.0
baseline,DEMO_CASE_004,Q10,cfg_03,0.0
baseline,DEMO_CASE_004,Q10,cfg_04,0.0
baseline,DEMO_CASE_004,Q10,cfg_05,6.04
baseline,DEMO_CASE_004,Q10,cfg_06,3.5
baseline,DEMO_CASE_004,Q11,cfg_01,7.72
baseline,DEMO_CASE_004,Q11,cfg_02,2.51
baseline,DEMO_CASE_004,Q11,cfg_03,9.67
baseline,DEMO_CASE_004,Q11,cfg_04,0.0
baseline,DEMO_CASE_004,Q11,cfg_05,15.43
baseline,DEMO_CASE_004,Q11,cfg_06,0.0
baseline,DEMO_CASE_004,Q12,cfg_01,0.0
baseline,DEMO_CASE_004,Q12,cfg_02,1.95
baseline,DEMO_CASE_004,Q12,cfg_03,5.62
baseline,DEMO_CASE_004,Q12,cfg_04,0.0
baseline,DEMO_CASE_004,Q12,cfg_05,0.0
baseline,DEMO_CASE_004,Q12,cfg_06,0.0
baseline,DEMO_CASE_004,Q13,cfg_01,0.0
baseline,DEMO_CASE_004,Q13,cfg_02,0.0
baseline,DEMO_CASE_004,Q13,cfg_03,0.0
baseline,DEMO_CASE_004,Q13,cfg_04,11.8
baseline,DEMO_CASE_004,Q13,cfg_05,0.0
baseline,DEMO_CASE_004,Q13,cfg_06,0.0
baseline,DEMO_CASE_004,Q14,cfg_01,0.0
baseline,DEMO_CASE_004,Q14,cfg_02,0.0
baseline,DEMO_CASE_004,Q14,cfg_03,0.0
baseline,DEMO_CASE_004,Q14,cfg_04,3.99
baseline,DEMO_CASE_004,Q14,cfg_05,0.0
baseline,DEMO_CASE_004,Q14,cfg_06,5.25
baseline,DEMO_CASE_004,Q15,cfg_01,0.0
baseline,DEMO_CASE_004,Q15,cfg_02,0.0
baseline,DEMO_CASE_004,Q15,cfg_03,0.0
baseline,DEMO_CASE_004,Q15,cfg_04,3.77
baseline,DEMO_CASE_004,Q15,cfg_05,0.0
baseline,DEMO_CASE_004,Q15,cfg_06,0.0
baseline,DEMO_CASE_005,Q1,cfg_01,9.29
baseline,DEMO_CASE_005,Q1,cfg_02,30.04
baseline,DEMO_CASE_005,Q1,cfg_03,9.19
baseline,DEMO_CASE_005,Q1,cfg_04,15.16
baseline,DEMO_CASE_005,Q1,cfg_05,32.99
baseline,DEMO_CASE_005,Q1,cfg_06,32.82
baseline,DEMO_CASE_005,Q2,cfg_01,7.0
baseline,DEMO_CASE_005,Q2,cfg_02,14.55
baseline,DEMO_CASE_005,Q2,cfg_03,18.94
baseline,DEMO_CASE_005,Q2,cfg_04,10.58
baseline,DEMO_CASE_005,Q2,cfg_05,22.49
baseline,DEMO_CASE_005,Q2,cfg_06,18.32
baseline,DEMO_CASE_005,Q3,cfg_01,10.27
baseline,DEMO_CASE_005,Q3,cfg_02,12.02
baseline,DEMO_CASE_005,Q3,cfg_03,6.14
baseline,DEMO_CASE_005,Q3,cfg_04,29.0
baseline,DEMO_CASE_005,Q3,cfg_05,11.44
baseline,DEMO_CASE_005,Q3,cfg_06,9.42
baseline,DEMO_CASE_005,Q4,cfg_01,29.8
baseline,DEMO_CASE_005,Q4,cfg_02,2.41
baseline,DEMO_CASE_005,Q4,cfg_03,6.73
baseline,DEMO_CASE_005,Q4,cfg_04,14.82
baseline,DEMO_CASE_005,Q4,cfg_05,7.72
baseline,DEMO_CASE_005,Q4,cfg_06,18.46
baseline,DEMO_CASE_005,Q5,cfg_01,24.38
baseline,DEMO_CASE_005,Q5,cfg_02,28.69
baseline,DEMO_CASE_005,Q5,cfg_03,28.55
baseline,DEMO_CASE_005,Q5,cfg_04,10.56
baseline,DEMO_CASE_005,Q5,cfg_05,32.96
baseline,DEMO_CASE_005,Q5,cfg_06,30.93
baseline,DEMO_CASE_005,Q6,cfg_01,14.69
baseline,DEMO_CASE_005,Q6,cfg_02,18.03
baseline,DEMO_CASE_005,Q6,cfg_03,14.94
baseline,DEMO_CASE_005,Q6,cfg_04,27.4
baseline,DEMO_CASE_005,Q6,cfg_05,2.21
baseline,DEMO_CASE_005,Q6,cfg_06,13.43
baseline,DEMO_CASE_005,Q7,cfg_01,9.36
baseline,DEMO_CASE_005,Q7,cfg_02,20.03
baseline,DEMO_CASE_005,Q7,cfg_03,16.57
baseline,DEMO_CASE_005,Q7,cfg_04,18.22
baseline,DEMO_CASE_005,Q7,cfg_05,16.93
baseline,DEMO_CASE_005,Q7,cfg_06,10.07
baseline,DEMO_CASE_005,Q8,cfg_01,32.93
baseline,DEMO_CASE_005,Q8,cfg_02,10.41
baseline,DEMO_CASE_005,Q8,cfg_03,10.2
baseline,DEMO_CASE_005,Q8,cfg_04,22.45
baseline,DEMO_CASE_005,Q8,cfg_05,27.35
baseline,DEMO_CASE_005,Q8,cfg_06,23.24
baseline,DEMO_CASE_005,Q9,cfg_01,7.58
baseline,DEMO_CASE_005,Q9,cfg_02,1.2
baseline,DEMO_CASE_005,Q9,cfg_03,14.11
baseline,DEMO_CASE_005,Q9,cfg_04,0.0
baseline,DEMO_CASE_005,Q9,cfg_05,0.0
baseline,DEMO_CASE_005,Q9,cfg_06,0.0
baseline,DEMO_CASE_005,Q10,cfg_01,16.9
baseline,DEMO_CASE_005,Q10,cfg_02,0.0
baseline,DEMO_CASE_005,Q10,cfg_03,6.01
baseline,DEMO_CASE_005,Q10,cfg_04,7.67
baseline,DEMO_CASE_005,Q10,cfg_05,0.0
baseline,DEMO_CASE_005,Q10,cfg_06,0.0
baseline,DEMO_CASE_005,Q11,cfg_01,0.81
baseline,DEMO_CASE_005,Q11,cfg_02,3.88
baseline,DEMO_CASE_005,Q11,cfg_03,0.0
baseline,DEMO_CASE_005,Q11,cfg_04,0.0
baseline,DEMO_CASE_005,Q11,cfg_05,11.43
baseline,DEMO_CASE_005,Q11,cfg_06,0.0
baseline,DEMO_CASE_005,Q12,cfg_01,0.0
baseline,DEMO_CASE_005,Q12,cfg_02,6.12
baseline,DEMO_CASE_005,Q12,cfg_03,0.16
baseline,DEMO_CASE_005,Q12,cfg_04,0.0
baseline,DEMO_CASE_005,Q12,cfg_05,12.25
baseline,DEMO_CASE_005,Q12,cfg_06,11.23
baseline,DEMO_CASE_005,Q13,cfg_01,6.12
baseline,DEMO_CASE_005,Q13,cfg_02,0.0
baseline,DEMO_CASE_005,Q13,cfg_03,15.1
baseline,DEMO_CASE_005,Q13,cfg_04,16.26
baseline,DEMO_CASE_005,Q13,cfg_05,10.66
baseline,DEMO_CASE_005,Q13,cfg_06,0.0
baseline,DEMO_CASE_005,Q14,cfg_01,12.89
baseline,DEMO_CASE_005,Q14,cfg_02,0.0
baseline,DEMO_CASE_005,Q14,cfg_03,1.47
baseline,DEMO_CASE_005,Q14,cfg_04,0.0
baseline,DEMO_CASE_005,Q14,cfg_05,0.0
baseline,DEMO_CASE_005,Q14,cfg_06,10.99
baseline,DEMO_CASE_005,Q15,cfg_01,0.0
baseline,DEMO_CASE_005,Q15,cfg_02,0.0
baseline,DEMO_CASE_005,Q15,cfg_03,17.53
baseline,DEMO_CASE_005,Q15,cfg_04,0.0
baseline,DEMO_CASE_005,Q15,cfg_05,0.0
baseline,DEMO_CASE_005,Q15,cfg_06,1.36
baseline,DEMO_CASE_006,Q1,cfg_01,34.11
baseline,DEMO_CASE_006,Q1,cfg_02,15.25
baseline,DEMO_CASE_006,Q1,cfg_03,21.2
baseline,DEMO_CASE_006,Q1,cfg_04,5.45
baseline,DEMO_CASE_006,Q1,cfg_05,11.6
baseline,DEMO_CASE_006,Q1,cfg_06,30.81
baseline,DEMO_CASE_006,Q2,cfg_01,3.0
baseline,DEMO_CASE_006,Q2,cfg_02,5.01
baseline,DEMO_CASE_006,Q2,cfg_03,6.51
baseline,DEMO_CASE_006,Q2,cfg_04,21.16
baseline,DEMO_CASE_006,Q2,cfg_05,31.86
baseline,DEMO_CASE_006,Q2,cfg_06,21.0
baseline,DEMO_CASE_006,Q3,cfg_01,15.6
baseline,DEMO_CASE_006,Q3,cfg_02,3.79
baseline,DEMO_CASE_006,Q3,cfg_03,11.83
baseline,DEMO_CASE_006,Q3,cfg_04,8.18
baseline,DEMO_CASE_006,Q3,cfg_05,20.46
baseline,DEMO_CASE_006,Q3,cfg_06,15.23
baseline,DEMO_CASE_006,Q4,cfg_01,15.36
baseline,DEMO_CASE_006,Q4,cfg_02,23.23
baseline,DEMO_CASE_006,Q4,cfg_03,28.53
baseline,DEMO_CASE_006,Q4,cfg_04,25.07
baseline,DEMO_CASE_006,Q4,cfg_05,12.24
baseline,DEMO_CASE_006,Q4,cfg_06,21.53
baseline,DEMO_CASE_006,Q5,cfg_01,9.01
baseline,DEMO_CASE_006,Q5,cfg_02,21.89
baseline,DEMO_CASE_006,Q5,cfg_03,10.89
baseline,DEMO_CASE_006,Q5,cfg_04,29.72
baseline,DEMO_CASE_006,Q5,cfg_05,4.44
baseline,DEMO_CASE_006,Q5,cfg_06,22.07
baseline,DEMO_CASE_006,Q6,cfg_01,10.13
baseline,DEMO_CASE_006,Q6,cfg_02,34.18
baseline,DEMO_CASE_006,Q6,cfg_03,11.0
baseline,DEMO_CASE_006,Q6,cfg_04,2.44
baseline,DEMO_CASE_006,Q6,cfg_05,14.16
baseline,DEMO_CASE_006,Q6,cfg_06,27.32
baseline,DEMO_CASE_006,Q7,cfg_01,33.11
baseline,DEMO_CASE_006,Q7,cfg_02,25.11
baseline,DEMO_CASE_006,Q7,cfg_03,30.9
baseline,DEMO_CASE_006,Q7,cfg_04,12.66
baseline,DEMO_CASE_006,Q7,cfg_05,17.3
baseline,DEMO_CASE_006,Q7,cfg_06,15.41
baseline,DEMO_CASE_006,Q8,cfg_01,23.46
baseline,DEMO_CASE_006,Q8,cfg_02,6.08
baseline,DEMO_CASE_006,Q8,cfg_03,23.14
baseline,DEMO_CASE_006,Q8,cfg_04,30.87
baseline,DEMO_CASE_006,Q8,cfg_05,32.13
baseline,DEMO_CASE_006,Q8,cfg_06,7.98
baseline,DEMO_CASE_006,Q9,cfg_01,0.0
baseline,DEMO_CASE_006,Q9,cfg_02,16.22
baseline,DEMO_CASE_006,Q9,cfg_03,0.0
baseline,DEMO_CASE_006,Q9,cfg_04,0.0
baseline,DEMO_CASE_006,Q9,cfg_05,0.0
baseline,DEMO_CASE_006,Q9,cfg_06,12.72
baseline,DEMO_CASE_006,Q10,cfg_01,3.95
baseline,DEMO_CASE_006,Q10,cfg_02,0.0
baseline,DEMO_CASE_006,Q10,cfg_03,5.53
baseline,DEMO_CASE_006,Q10,cfg_04,0.0
baseline,DEMO_CASE_006,Q10,cfg_05,2.6
baseline,DEMO_CASE_006,Q10,cfg_06,17.96
baseline,DEMO_CASE_006,Q11,cfg_01,8.49
baseline,DEMO_CASE_006,Q11,cfg_02,0.0
baseline,DEMO_CASE_006,Q11,cfg_03,0.0
baseline,DEMO_CASE_006,Q11,cfg_04,13.47
baseline,DEMO_CASE_006,Q11,cfg_05,0.0
baseline,DEMO_CASE_006,Q11,cfg_06,12.46
baseline,DEMO_CASE_006,Q12,cfg_01,0.0
baseline,DEMO_CASE_006,Q12,cfg_02,0.0
baseline,DEMO_CASE_006,Q12,cfg_03,12.23
baseline,DEMO_CASE_006,Q12,cfg_04,0.0
baseline,DEMO_CASE_006,Q12,cfg_05,0.0
baseline,DEMO_CASE_006,Q12,cfg_06,0.0
baseline,DEMO_CASE_006,Q13,cfg_01,7.23
baseline,DEMO_CASE_006,Q13,cfg_02,0.0
baseline,DEMO_CASE_006,Q13,cfg_03,8.55
baseline,DEMO_CASE_006,Q13,cfg_04,0.0
baseline,DEMO_CASE_006,Q13,cfg_05,7.83
baseline,DEMO_CASE_006,Q13,cfg_06,0.0
baseline,DEMO_CASE_006,Q14,cfg_01,0.0
baseline,DEMO_CASE_006,Q14,cfg_02,0.0
baseline,DEMO_CASE_006,Q14,cfg_03,11.96
baseline,DEMO_CASE_006,Q14,cfg_04,0.01
baseline,DEMO_CASE_006,Q14,cfg_05,0.0
baseline,DEMO_CASE_006,Q14,cfg_06,0.0
baseline,DEMO_CASE_006,Q15,cfg_01,0.0
baseline,DEMO_CASE_006,Q15,cfg_02,6.28
baseline,DEMO_CASE_006,Q15,cfg_03,0.0
baseline,DEMO_CASE_006,Q15,cfg_04,5.6
baseline,DEMO_CASE_006,Q15,cfg_05,0.0
baseline,DEMO_CASE_006,Q15,cfg_06,0.0
baseline,DEMO_CASE_007,Q1,cfg_01,33.44
baseline,DEMO_CASE_007,Q1,cfg_02,29.99
baseline,DEMO_CASE_007,Q1,cfg_03,32.79
baseline,DEMO_CASE_007,Q1,cfg_04,10.82
baseline,DEMO_CASE_007,Q1,cfg_05,8.97
baseline,DEMO_CASE_007,Q1,cfg_06,8.26
baseline,DEMO_CASE_007,Q2,cfg_01,12.4
baseline,DEMO_CASE_007,Q2,cfg_02,24.43
baseline,DEMO_CASE_007,Q2,cfg_03,24.07
baseline,DEMO_CASE_007,Q2,cfg_04,25.64
baseline,DEMO_CASE_007,Q2,cfg_05,34.66
baseline,DEMO_CASE_007,Q2,cfg_06,7.11
baseline,DEMO_CASE_007,Q3,cfg_01,30.44
baseline,DEMO_CASE_007,Q3,cfg_02,33.22
baseline,DEMO_CASE_007,Q3,cfg_03,10.27
baseline,DEMO_CASE_007,Q3,cfg_04,34.08
baseline,DEMO_CASE_007,Q3,cfg_05,7.35
baseline,DEMO_CASE_007,Q3,cfg_06,28.39
baseline,DEMO_CASE_007,Q4,cfg_01,15.38
baseline,DEMO_CASE_007,Q4,cfg_02,5.36
baseline,DEMO_CASE_007,Q4,cfg_03,16.96
baseline,DEMO_CASE_007,Q4,cfg_04,18.93
baseline,DEMO_CASE_007,Q4,cfg_05,20.8
baseline,DEMO_CASE_007,Q4,cfg_06,8.13
baseline,DEMO_CASE_007,Q5,cfg_01,20.39
baseline,DEMO_CASE_007,Q5,cfg_02,33.46
baseline,DEMO_CASE_007,Q5,cfg_03,6.21
baseline,DEMO_CASE_007,Q5,cfg_04,31.94
baseline,DEMO_CASE_007,Q5,cfg_05,15.45
baseline,DEMO_CASE_007,Q5,cfg_06,19.72
baseline,DEMO_CASE_007,Q6,cfg_01,27.49
baseline,DEMO_CASE_007,Q6,cfg_02,25.68
baseline,DEMO_CASE_007,Q6,cfg_03,22.7
baseline,DEMO_CASE_007,Q6,cfg_04,32.25
baseline,DEMO_CASE_007,Q6,cfg_05,8.69
baseline,DEMO_CASE_007,Q6,cfg_06,8.2
baseline,DEMO_CASE_007,Q7,cfg_01,34.24
baseline,DEMO_CASE_007,Q7,cfg_02,13.39
baseline,DEMO_CASE_007,Q7,cfg_03,7.26
baseline,DEMO_CASE_007,Q7,cfg_04,22.13
baseline,DEMO_CASE_007,Q7,cfg_05,20.52
baseline,DEMO_CASE_007,Q7,cfg_06,4.98
baseline,DEMO_CASE_007,Q8,cfg_01,25.64
baseline,DEMO_CASE_007,Q8,cfg_02,21.68
baseline,DEMO_CASE_007,Q8,cfg_03,20.19
baseline,DEMO_CASE_007,Q8,cfg_04,17.06
baseline,DEMO_CASE_007,Q8,cfg_05,21.09
baseline,DEMO_CASE_007,Q8,cfg_06,5.25
baseline,DEMO_CASE_007,Q9,cfg_01,0.0
baseline,DEMO_CASE_007,Q9,cfg_02,0.0
baseline,DEMO_CASE_007,Q9,cfg_03,0.0
baseline,DEMO_CASE_007,Q9,cfg_04,0.0
baseline,DEMO_CASE_007,Q9,cfg_05,1.01
baseline,DEMO_CASE_007,Q9,cfg_06,4.43
baseline,DEMO_CASE_007,Q10,cfg_01,4.57
baseline,DEMO_CASE_007,Q10,cfg_02,4.85
baseline,DEMO_CASE_007,Q10,cfg_03,0.0
baseline,DEMO_CASE_007,Q10,cfg_04,0.0
baseline,DEMO_CASE_007,Q10,cfg_05,0.0
baseline,DEMO_CASE_007,Q10,cfg_06,0.0
baseline,DEMO_CASE_007,Q11,cfg_01,4.85
baseline,DEMO_CASE_007,Q11,cfg_02,5.72
baseline,DEMO_CASE_007,Q11,cfg_03,13.75
baseline,DEMO_CASE_007,Q11,cfg_04,0.0
baseline,DEMO_CASE_007,Q11,cfg_05,0.0
baseline,DEMO_CASE_007,Q11,cfg_06,7.6
baseline,DEMO_CASE_007,Q12,cfg_01,7.5
baseline,DEMO_CASE_007,Q12,cfg_02,14.55
baseline,DEMO_CASE_007,Q12,cfg_03,0.0
baseline,DEMO_CASE_007,Q12,cfg_04,5.73
baseline,DEMO_CASE_007,Q12,cfg_05,9.67
baseline,DEMO_CASE_007,Q12,cfg_06,9.44
baseline,DEMO_CASE_007,Q13,cfg_01,0.0
baseline,DEMO_CASE_007,Q13,cfg_02,0.0
baseline,DEMO_CASE_007,Q13,cfg_03,0.0
baseline,DEMO_CASE_007,Q13,cfg_04,15.59
baseline,DEMO_CASE_007,Q13,cfg_05,4.37
baseline,DEMO_CASE_007,Q13,cfg_06,0.0
baseline,DEMO_CASE_007,Q14,cfg_01,14.4
baseline,DEMO_CASE_007,Q14,cfg_02,0.0
baseline,DEMO_CASE_007,Q14,cfg_03,10.73
baseline,DEMO_CASE_007,Q14,cfg_04,0.0
baseline,DEMO_CASE_007,Q14,cfg_05,0.0
baseline,DEMO_CASE_007,Q14,cfg_06,0.19
baseline,DEMO_CASE_007,Q15,cfg_01,0.14
baseline,DEMO_CASE_007,Q15,cfg_02,5.71
baseline,DEMO_CASE_007,Q15,cfg_03,0.0
baseline,DEMO_CASE_007,Q15,cfg_04,0.0
baseline,DEMO_CASE_007,Q15,cfg_05,13.87
baseline,DEMO_CASE_007,Q15,cfg_06,0.0
baseline,DEMO_CASE_008,Q1,cfg_01,4.36
baseline,DEMO_CASE_008,Q1,cfg_02,6.83
baseline,DEMO_CASE_008,Q1,cfg_03,13.21
baseline,DEMO_CASE_008,Q1,cfg_04,16.56
baseline,DEMO_CASE_008,Q1,cfg_05,31.35
baseline,DEMO_CASE_008,Q1,cfg_06,9.82
baseline,DEMO_CASE_008,Q2,cfg_01,8.74
baseline,DEMO_CASE_008,Q2,cfg_02,32.67
baseline,DEMO_CASE_008,Q2,cfg_03,18.91
baseline,DEMO_CASE_008,Q2,cfg_04,24.18
baseline,DEMO_CASE_008,Q2,cfg_05,14.54
baseline,DEMO_CASE_008,Q2,cfg_06,4.57
baseline,DEMO_CASE_008,Q3,cfg_01,24.4
baseline,DEMO_CASE_008,Q3,cfg_02,24.69
baseline,DEMO_CASE_008,Q3,cfg_03,27.35
baseline,DEMO_CASE_008,Q3,cfg_04,17.26
baseline,DEMO_CASE_008,Q3,cfg_05,34.52
baseline,DEMO_CASE_008,Q3,cfg_06,23.22
baseline,DEMO_CASE_008,Q4,cfg_01,24.96
baseline,DEMO_CASE_008,Q4,cfg_02,9.51
baseline,DEMO_CASE_008,Q4,cfg_03,17.08
baseline,DEMO_CASE_008,Q4,cfg_04,34.88
baseline,DEMO_CASE_008,Q4,cfg_05,12.08
baseline,DEMO_CASE_008,Q4,cfg_06,7.8
baseline,DEMO_CASE_008,Q5,cfg_01,29.88
baseline,DEMO_CASE_008,Q5,cfg_02,5.09
baseline,DEMO_CASE_008,Q5,cfg_03,34.78
baseline,DEMO_CASE_008,Q5,cfg_04,10.98
baseline,DEMO_CASE_008,Q5,cfg_05,24.39
baseline,DEMO_CASE_008,Q5,cfg_06,17.65
baseline,DEMO_CASE_008,Q6,cfg_01,15.73
baseline,DEMO_CASE_008,Q6,cfg_02,7.8
baseline,DEMO_CASE_008,Q6,cfg_03,16.56
baseline,DEMO_CASE_008,Q6,cfg_04,21.24
baseline,DEMO_CASE_008,Q6,cfg_05,26.07
baseline,DEMO_CASE_008,Q6,cfg_06,7.98
baseline,DEMO_CASE_008,Q7,cfg_01,30.25
baseline,DEMO_CASE_008,Q7,cfg_02,17.88
baseline,DEMO_CASE_008,Q7,cfg_03,12.88
baseline,DEMO_CASE_008,Q7,cfg_04,28.59
baseline,DEMO_CASE_008,Q7,cfg_05,30.18
baseline,DEMO_CASE_008,Q7,cfg_06,9.15
baseline,DEMO_CASE_008,Q8,cfg_01,31.37
baseline,DEMO_CASE_008,Q8,cfg_02,33.3
baseline,DEMO_CASE_008,Q8,cfg_03,11.59
baseline,DEMO_CASE_008,Q8,cfg_04,24.82
baseline,DEMO_CASE_008,Q8,cfg_05,34.59
baseline,DEMO_CASE_008,Q8,cfg_06,19.64
baseline,DEMO_CASE_008,Q9,cfg_01,0.0
baseline,DEMO_CASE_008,Q9,cfg_02,9.44
baseline,DEMO_CASE_008,Q9,cfg_03,0.0
baseline,DEMO_CASE_008,Q9,cfg_04,5.86
baseline,DEMO_CASE_008,Q9,cfg_05,0.0
baseline,DEMO_CASE_008,Q9,cfg_06,10.89
baseline,DEMO_CASE_008,Q10,cfg_01,0.0
baseline,DEMO_CASE_008,Q10,cfg_02,0.0
baseline,DEMO_CASE_008,Q10,cfg_03,5.0
baseline,DEMO_CASE_008,Q10,cfg_04,0.0
baseline,DEMO_CASE_008,Q10,cfg_05,14.66
baseline,DEMO_CASE_008,Q10,cfg_06,0.0
baseline,DEMO_CASE_008,Q11,cfg_01,10.93
baseline,DEMO_CASE_008,Q11,cfg_02,18.17
baseline,DEMO_CASE_008,Q11,cfg_03,4.46
baseline,DEMO_CASE_008,Q11,cfg_04,4.28
baseline,DEMO_CASE_008,Q11,cfg_05,0.0
baseline,DEMO_CASE_008,Q11,cfg_06,9.83
baseline,DEMO_CASE_008,Q12,cfg_01,12.02
baseline,DEMO_CASE_008,Q12,cfg_02,0.0
baseline,DEMO_CASE_008,Q12,cfg_03,0.0
baseline,DEMO_CASE_008,Q12,cfg_04,1.11
baseline,DEMO_CASE_008,Q12,cfg_05,0.0
baseline,DEMO_CASE_008,Q12,cfg_06,0.0
baseline,DEMO_CASE_008,Q13,cfg_01,0.0
baseline,DEMO_CASE_008,Q13,cfg_02,0.0
baseline,DEMO_CASE_008,Q13,cfg_03,0.81
baseline,DEMO_CASE_008,Q13,cfg_04,12.15
baseline,DEMO_CASE_008,Q13,cfg_05,8.14
baseline,DEMO_CASE_008,Q13,cfg_06,1.3
baseline,DEMO_CASE_008,Q14,cfg_01,3.3
baseline,DEMO_CASE_008,Q14,cfg_02,4.69
baseline,DEMO_CASE_008,Q14,cfg_03,13.82
baseline,DEMO_CASE_008,Q14,cfg_04,4.51
baseline,DEMO_CASE_008,Q14,cfg_05,0.0
baseline,DEMO_CASE_008,Q14,cfg_06,0.0
baseline,DEMO_CASE_008,Q15,cfg_01,6.56
baseline,DEMO_CASE_008,Q15,cfg_02,1.1
baseline,DEMO_CASE_008,Q15,cfg_03,4.49
baseline,DEMO_CASE_008,Q15,cfg_04,9.85
baseline,DEMO_CASE_008,Q15,cfg_05,0.0
baseline,DEMO_CASE_008,Q15,cfg_06,0.01
baseline,DEMO_CASE_009,Q1,cfg_01,10.56
baseline,DEMO_CASE_009,Q1,cfg_02,33.84
baseline,DEMO_CASE_009,Q1,cfg_03,35.17
baseline,DEMO_CASE_009,Q1,cfg_04,13.48
baseline,DEMO_CASE_009,Q1,cfg_05,28.28
baseline,DEMO_CASE_009,Q1,cfg_06,29.41
baseline,DEMO_CASE_009,Q2,cfg_01,24.68
baseline,DEMO_CASE_009,Q2,cfg_02,14.56
baseline,DEMO_CASE_009,Q2,cfg_03,24.67
baseline,DEMO_CASE_009,Q2,cfg_04,24.31
baseline,DEMO_CASE_009,Q2,cfg_05,26.35
baseline,DEMO_CASE_009,Q2,cfg_06,30.16
baseline,DEMO_CASE_009,Q3,cfg_01,34.69
baseline,DEMO_CASE_009,Q3,cfg_02,24.01
baseline,DEMO_CASE_009,Q3,cfg_03,16.5
baseline,DEMO_CASE_009,Q3,cfg_04,20.21
baseline,DEMO_CASE_009,Q3,cfg_05,17.25
baseline,DEMO_CASE_009,Q3,cfg_06,11.56
baseline,DEMO_CASE_009,Q4,cfg_01,8.67
baseline,DEMO_CASE_009,Q4,cfg_02,28.08
baseline,DEMO_CASE_009,Q4,cfg_03,11.31
baseline,DEMO_CASE_009,Q4,cfg_04,15.85
baseline,DEMO_CASE_009,Q4,cfg_05,24.12
baseline,DEMO_CASE_009,Q4,cfg_06,35.13
baseline,DEMO_CASE_009,Q5,cfg_01,25.16
baseline,DEMO_CASE_009,Q5,cfg_02,21.26
baseline,DEMO_CASE_009,Q5,cfg_03,17.58
baseline,DEMO_CASE_009,Q5,cfg_04,17.19
baseline,DEMO_CASE_009,Q5,cfg_05,17.15
baseline,DEMO_CASE_009,Q5,cfg_06,17.94
baseline,DEMO_CASE_009,Q6,cfg_01,29.84
baseline,DEMO_CASE_009,Q6,cfg_02,35.74
baseline,DEMO_CASE_009,Q6,cfg_03,14.16
baseline,DEMO_CASE_009,Q6,cfg_04,33.88
baseline,DEMO_CASE_009,Q6,cfg_05,22.24
baseline,DEMO_CASE_009,Q6,cfg_06,20.63
baseline,DEMO_CASE_009,Q7,cfg_01,24.13
baseline,DEMO_CASE_009,Q7,cfg_02,7.87
baseline,DEMO_CASE_009,Q7,cfg_03,29.4
baseline,DEMO_CASE_009,Q7,cfg_04,5.82
baseline,DEMO_CASE_009,Q7,cfg_05,25.74
baseline,DEMO_CASE_009,Q7,cfg_06,5.34
baseline,DEMO_CASE_009,Q8,cfg_01,34.19
baseline,DEMO_CASE_009,Q8,cfg_02,9.47
baseline,DEMO_CASE_009,Q8,cfg_03,26.7
baseline,DEMO_CASE_009,Q8,cfg_04,21.55
baseline,DEMO_CASE_009,Q8,cfg_05,19.5
baseline,DEMO_CASE_009,Q8,cfg_06,27.35
baseline,DEMO_CASE_009,Q9,cfg_01,10.53
baseline,DEMO_CASE_009,Q9,cfg_02,5.45
baseline,DEMO_CASE_009,Q9,cfg_03,1.33
baseline,DEMO_CASE_009,Q9,cfg_04,14.29
baseline,DEMO_CASE_009,Q9,cfg_05,2.1
baseline,DEMO_CASE_009,Q9,cfg_06,13.21
baseline,DEMO_CASE_009,Q10,cfg_01,0.0
baseline,DEMO_CASE_009,Q10,cfg_02,0.0
baseline,DEMO_CASE_009,Q10,cfg_03,0.0
baseline,DEMO_CASE_009,Q10,cfg_04,19.31
baseline,DEMO_CASE_009,Q10,cfg_05,5.5
baseline,DEMO_CASE_009,Q10,cfg_06,10.95
baseline,DEMO_CASE_009,Q11,cfg_01,11.64
baseline,DEMO_CASE_009,Q11,cfg_02,0.0
baseline,DEMO_CASE_009,Q11,cfg_03,11.84
baseline,DEMO_CASE_009,Q11,cfg_04,4.32
baseline,DEMO_CASE_009,Q11,cfg_05,15.8
baseline,DEMO_CASE_009,Q11,cfg_06,5.17
baseline,DEMO_CASE_009,Q12,cfg_01,12.18
baseline,DEMO_CASE_009,Q12,cfg_02,11.31
baseline,DEMO_CASE_009,Q12,cfg_03,5.7
baseline,DEMO_CASE_009,Q12,cfg_04,0.0
baseline,DEMO_CASE_009,Q12,cfg_05,19.11
baseline,DEMO_CASE_009,Q12,cfg_06,16.64
baseline,DEMO_CASE_009,Q13,cfg_01,1.58
baseline,DEMO_CASE_009,Q13,cfg_02,0.0
baseline,DEMO_CASE_009,Q13,cfg_03,0.0
baseline,DEMO_CASE_009,Q13,cfg_04,4.94
baseline,DEMO_CASE_009,Q13,cfg_05,18.07
baseline,DEMO_CASE_009,Q13,cfg_06,0.0
baseline,DEMO_CASE_009,Q14,cfg_01,0.0
baseline,DEMO_CASE_009,Q14,cfg_02,16.62
baseline,DEMO_CASE_009,Q14,cfg_03,8.29
baseline,DEMO_CASE_009,Q14,cfg_04,1.51
baseline,DEMO_CASE_009,Q14,cfg_05,17.07
baseline,DEMO_CASE_009,Q14,cfg_06,13.62
baseline,DEMO_CASE_009,Q15,cfg_01,0.0
baseline,DEMO_CASE_009,Q15,cfg_02,0.0
baseline,DEMO_CASE_009,Q15,cfg_03,19.5
baseline,DEMO_CASE_009,Q15,cfg_04,14.91
baseline,DEMO_CASE_009,Q15,cfg_05,9.98
baseline,DEMO_CASE_009,Q15,cfg_06,11.3
baseline,DEMO_CASE_010,Q1,cfg_01,23.24
baseline,DEMO_CASE_010,Q1,cfg_02,35.25
baseline,DEMO_CASE_010,Q1,cfg_03,33.54
baseline,DEMO_CASE_010,Q1,cfg_04,12.87
baseline,DEMO_CASE_010,Q1,cfg_05,6.49
baseline,DEMO_CASE_010,Q1,cfg_06,13.29
baseline,DEMO_CASE_010,Q2,cfg_01,31.5
baseline,DEMO_CASE_010,Q2,cfg_02,16.73
baseline,DEMO_CASE_010,Q2,cfg_03,33.72
baseline,DEMO_CASE_010,Q2,cfg_04,5.39
baseline,DEMO_CASE_010,Q2,cfg_05,26.61
baseline,DEMO_CASE_010,Q2,cfg_06,29.56
baseline,DEMO_CASE_010,Q3,cfg_01,10.87
baseline,DEMO_CASE_010,Q3,cfg_02,34.37
baseline,DEMO_CASE_010,Q3,cfg_03,25.46
baseline,DEMO_CASE_010,Q3,cfg_04,34.32
baseline,DEMO_CASE_010,Q3,cfg_05,18.31
baseline,DEMO_CASE_010,Q3,cfg_06,8.3
baseline,DEMO_CASE_010,Q4,cfg_01,11.98
baseline,DEMO_CASE_010,Q4,cfg_02,11.63
baseline,DEMO_CASE_010,Q4,cfg_03,28.92
baseline,DEMO_CASE_010,Q4,cfg_04,22.79
baseline,DEMO_CASE_010,Q4,cfg_05,9.64
baseline,DEMO_CASE_010,Q4,cfg_06,24.37
baseline,DEMO_CASE_010,Q5,cfg_01,30.5
baseline,DEMO_CASE_010,Q5,cfg_02,31.8
baseline,DEMO_CASE_010,Q5,cfg_03,24.29
baseline,DEMO_CASE_010,Q5,cfg_04,20.96
baseline,DEMO_CASE_010,Q5,cfg_05,15.26
baseline,DEMO_CASE_010,Q5,cfg_06,26.26
baseline,DEMO_CASE_010,Q6,cfg_01,15.94
baseline,DEMO_CASE_010,Q6,cfg_02,31.11
baseline,DEMO_CASE_010,Q6,cfg_03,25.27
baseline,DEMO_CASE_010,Q6,cfg_04,5.43
baseline,DEMO_CASE_010,Q6,cfg_05,8.75
baseline,DEMO_CASE_010,Q6,cfg_06,26.3
baseline,DEMO_CASE_010,Q7,cfg_01,35.03
baseline,DEMO_CASE_010,Q7,cfg_02,30.85
baseline,DEMO_CASE_010,Q7,cfg_03,9.6
baseline,DEMO_CASE_010,Q7,cfg_04,7.66
baseline,DEMO_CASE_010,Q7,cfg_05,20.0
baseline,DEMO_CASE_010,Q7,cfg_06,5.96
baseline,DEMO_CASE_010,Q8,cfg_01,24.05
baseline,DEMO_CASE_010,Q8,cfg_02,23.74
baseline,DEMO_CASE_010,Q8,cfg_03,17.13
baseline,DEMO_CASE_010,Q8,cfg_04,22.37
baseline,DEMO_CASE_010,Q8,cfg_05,34.91
baseline,DEMO_CASE_010,Q8,cfg_06,5.18
baseline,DEMO_CASE_010,Q9,cfg_01,0.0
baseline,DEMO_CASE_010,Q9,cfg_02,0.0
baseline,DEMO_CASE_010,Q9,cfg_03,18.2
baseline,DEMO_CASE_010,Q9,cfg_04,12.67
baseline,DEMO_CASE_010,Q9,cfg_05,0.0
baseline,DEMO_CASE_010,Q9,cfg_06,14.96
baseline,DEMO_CASE_010,Q10,cfg_01,0.0
baseline,DEMO_CASE_010,Q10,cfg_02,6.31
baseline,DEMO_CASE_010,Q10,cfg_03,13.19
baseline,DEMO_CASE_010,Q10,cfg_04,5.25
baseline,DEMO_CASE_010,Q10,cfg_05,0.0
baseline,DEMO_CASE_010,Q10,cfg_06,17.56
baseline,DEMO_CASE_010,Q11,cfg_01,5.8
baseline,DEMO_CASE_010,Q11,cfg_02,15.36
baseline,DEMO_CASE_010,Q11,cfg_03,20.41
baseline,DEMO_CASE_010,Q11,cfg_04,9.85
baseline,DEMO_CASE_010,Q11,cfg_05,5.88
baseline,DEMO_CASE_010,Q11,cfg_06,11.81
baseline,DEMO_CASE_010,Q12,cfg_01,18.55
baseline,DEMO_CASE_010,Q12,cfg_02,0.0
baseline,DEMO_CASE_010,Q12,cfg_03,0.0
baseline,DEMO_CASE_010,Q12,cfg_04,19.13
baseline,DEMO_CASE_010,Q12,cfg_05,11.52
baseline,DEMO_CASE_010,Q12,cfg_06,17.44
baseline,DEMO_CASE_010,Q13,cfg_01,0.0
baseline,DEMO_CASE_010,Q13,cfg_02,9.45
baseline,DEMO_CASE_010,Q13,cfg_03,17.6
baseline,DEMO_CASE_010,Q13,cfg_04,0.0
baseline,DEMO_CASE_010,Q13,cfg_05,0.0
baseline,DEMO_CASE_010,Q13,cfg_06,1.87
baseline,DEMO_CASE_010,Q14,cfg_01,16.41
baseline,DEMO_CASE_010,Q14,cfg_02,19.91
baseline,DEMO_CASE_010,Q14,cfg_03,12.54
baseline,DEMO_CASE_010,Q14,cfg_04,14.83
baseline,DEMO_CASE_010,Q14,cfg_05,0.0
baseline,DEMO_CASE_010,Q14,cfg_06,6.49
baseline,DEMO_CASE_010,Q15,cfg_01,18.6
baseline,DEMO_CASE_010,Q15,cfg_02,0.0
baseline,DEMO_CASE_010,Q15,cfg_03,0.0
baseline,DEMO_CASE_010,Q15,cfg_04,12.77
baseline,DEMO_CASE_010,Q15,cfg_05,15.41
baseline,DEMO_CASE_010,Q15,cfg_06,1.88
rubric_assisted,DEMO_CASE_001,Q1,cfg_01,54.59
rubric_assisted,DEMO_CASE_001,Q1,cfg_02,55.49
rubric_assisted,DEMO_CASE_001,Q1,cfg_03,73.31
rubric_assisted,DEMO_CASE_001,Q1,cfg_04,70.48
rubric_assisted,DEMO_CASE_001,Q1,cfg_05,71.55
rubric_assisted,DEMO_CASE_001,Q1,cfg_06,73.06
rubric_assisted,DEMO_CASE_001,Q2,cfg_01,72.0
rubric_assisted,DEMO_CASE_001,Q2,cfg_02,68.21
rubric_assisted,DEMO_CASE_001,Q2,cfg_03,61.41
rubric_assisted,DEMO_CASE_001,Q2,cfg_04,71.96
rubric_assisted,DEMO_CASE_001,Q2,cfg_05,48.74
rubric_assisted,DEMO_CASE_001,Q2,cfg_06,34.46
rubric_assisted,DEMO_CASE_001,Q3,cfg_01,69.58
rubric_assisted,DEMO_CASE_001,Q3,cfg_02,54.37
rubric_assisted,DEMO_CASE_001,Q3,cfg_03,69.98
rubric_assisted,DEMO_CASE_001,Q3,cfg_04,45.68
rubric_assisted,DEMO_CASE_001,Q3,cfg_05,45.49
rubric_assisted,DEMO_CASE_001,Q3,cfg_06,68.38
rubric_assisted,DEMO_CASE_001,Q4,cfg_01,65.48
rubric_assisted,DEMO_CASE_001,Q4,cfg_02,59.05
rubric_assisted,DEMO_CASE_001,Q4,cfg_03,78.59
rubric_assisted,DEMO_CASE_001,Q4,cfg_04,35.04
rubric_assisted,DEMO_CASE_001,Q4,cfg_05,74.21
rubric_assisted,DEMO_CASE_001,Q4,cfg_06,45.7
rubric_assisted,DEMO_CASE_001,Q5,cfg_01,44.39
rubric_assisted,DEMO_CASE_001,Q5,cfg_02,50.12
rubric_assisted,DEMO_CASE_001,Q5,cfg_03,68.44
rubric_assisted,DEMO_CASE_001,Q5,cfg_04,64.95
rubric_assisted,DEMO_CASE_001,Q5,cfg_05,77.86
rubric_assisted,DEMO_CASE_001,Q5,cfg_06,60.48
rubric_assisted,DEMO_CASE_001,Q6,cfg_01,52.71
rubric_assisted,DEMO_CASE_001,Q6,cfg_02,65.78
rubric_assisted,DEMO_CASE_001,Q6,cfg_03,71.73
rubric_assisted,DEMO_CASE_001,Q6,cfg_04,60.16
rubric_assisted,DEMO_CASE_001,Q6,cfg_05,61.71
rubric_assisted,DEMO_CASE_001,Q6,cfg_06,60.64
rubric_assisted,DEMO_CASE_001,Q7,cfg_01,63.33
rubric_assisted,DEMO_CASE_001,Q7,cfg_02,60.7
rubric_assisted,DEMO_CASE_001,Q7,cfg_03,44.8
rubric_assisted,DEMO_CASE_001,Q7,cfg_04,35.13
rubric_assisted,DEMO_CASE_001,Q7,cfg_05,50.54
rubric_assisted,DEMO_CASE_001,Q7,cfg_06,57.2
rubric_assisted,DEMO_CASE_001,Q8,cfg_01,36.53
rubric_assisted,DEMO_CASE_001,Q8,cfg_02,66.76
rubric_assisted,DEMO_CASE_001,Q8,cfg_03,76.43
rubric_assisted,DEMO_CASE_001,Q8,cfg_04,47.49
rubric_assisted,DEMO_CASE_001,Q8,cfg_05,73.41
rubric_assisted,DEMO_CASE_001,Q8,cfg_06,57.33
rubric_assisted,DEMO_CASE_001,Q9,cfg_01,42.32
rubric_assisted,DEMO_CASE_001,Q9,cfg_02,57.34
rubric_assisted,DEMO_CASE_001,Q9,cfg_03,62.01
rubric_assisted,DEMO_CASE_001,Q9,cfg_04,71.25
rubric_assisted,DEMO_CASE_001,Q9,cfg_05,36.91
rubric_assisted,DEMO_CASE_001,Q9,cfg_06,84.05
rubric_assisted,DEMO_CASE_001,Q10,cfg_01,70.85
rubric_assisted,DEMO_CASE_001,Q10,cfg_02,41.3
rubric_assisted,DEMO_CASE_001,Q10,cfg_03,39.39
rubric_assisted,DEMO_CASE_001,Q10,cfg_04,78.05
rubric_assisted,DEMO_CASE_001,Q10,cfg_05,61.61
rubric_assisted,DEMO_CASE_001,Q10,cfg_06,65.77
rubric_assisted,DEMO_CASE_001,Q11,cfg_01,52.95
rubric_assisted,DEMO_CASE_001,Q11,cfg_02,80.78
rubric_assisted,DEMO_CASE_001,Q11,cfg_03,54.5
rubric_assisted,DEMO_CASE_001,Q11,cfg_04,48.64
rubric_assisted,DEMO_CASE_001,Q11,cfg_05,58.82
rubric_assisted,DEMO_CASE_001,Q11,cfg_06,45.18
rubric_assisted,DEMO_CASE_001,Q12,cfg_01,42.38
rubric_assisted,DEMO_CASE_001,Q12,cfg_02,45.86
rubric_assisted,DEMO_CASE_001,Q12,cfg_03,36.19
rubric_assisted,DEMO_CASE_001,Q12,cfg_04,79.05
rubric_assisted,DEMO_CASE_001,Q12,cfg_05,80.13
rubric_assisted,DEMO_CASE_001,Q12,cfg_06,38.19
rubric_assisted,DEMO_CASE_001,Q13,cfg_01,53.43
rubric_assisted,DEMO_CASE_001,Q13,cfg_02,60.14
rubric_assisted,DEMO_CASE_001,Q13,cfg_03,44.95
rubric_assisted,DEMO_CASE_001,Q13,cfg_04,68.04
rubric_assisted,DEMO_CASE_001,Q13,cfg_05,72.82
rubric_assisted,DEMO_CASE_001,Q13,cfg_06,48.66
rubric_assisted,DEMO_CASE_001,Q14,cfg_01,45.61
rubric_assisted,DEMO_CASE_001,Q14,cfg_02,67.75
rubric_assisted,DEMO_CASE_001,Q14,cfg_03,60.64
rubric_assisted,DEMO_CASE_001,Q14,cfg_04,80.84
rubric_assisted,DEMO_CASE_001,Q14,cfg_05,49.68
rubric_assisted,DEMO_CASE_001,Q14,cfg_06,55.91
rubric_assisted,DEMO_CASE_001,Q15,cfg_01,54.75
rubric_assisted,DEMO_CASE_001,Q15,cfg_02,81.34
rubric_assisted,DEMO_CASE_001,Q15,cfg_03,82.05
rubric_assisted,DEMO_CASE_001,Q15,cfg_04,56.17
rubric_assisted,DEMO_CASE_001,Q15,cfg_05,60.26
rubric_assisted,DEMO_CASE_001,Q15,cfg_06,72.56
rubric_assisted,DEMO_CASE_002,Q1,cfg_01,35.2
rubric_assisted,DEMO_CASE_002,Q1,cfg_02,47.87
rubric_assisted,DEMO_CASE_002,Q1,cfg_03,53.14
rubric_assisted,DEMO_CASE_002,Q1,cfg_04,44.8
rubric_assisted,DEMO_CASE_002,Q1,cfg_05,67.72
rubric_assisted,DEMO_CASE_002,Q1,cfg_06,37.42
rubric_assisted,DEMO_CASE_002,Q2,cfg_01,33.39
rubric_assisted,DEMO_CASE_002,Q2,cfg_02,64.66
rubric_assisted,DEMO_CASE_002,Q2,cfg_03,60.7
rubric_assisted,DEMO_CASE_002,Q2,cfg_04,39.12
rubric_assisted,DEMO_CASE_002,Q2,cfg_05,81.66
rubric_assisted,DEMO_CASE_002,Q2,cfg_06,73.13
rubric_assisted,DEMO_CASE_002,Q3,cfg_01,76.56
rubric_assisted,DEMO_CASE_002,Q3,cfg_02,62.97
rubric_assisted,DEMO_CASE_002,Q3,cfg_03,70.62
rubric_assisted,DEMO_CASE_002,Q3,cfg_04,79.7
rubric_assisted,DEMO_CASE_002,Q3,cfg_05,50.5
rubric_assisted,DEMO_CASE_002,Q3,cfg_06,59.05
rubric_assisted,DEMO_CASE_002,Q4,cfg_01,34.86
rubric_assisted,DEMO_CASE_002,Q4,cfg_02,71.65
rubric_assisted,DEMO_CASE_002,Q4,cfg_03,53.56
rubric_assisted,DEMO_CASE_002,Q4,cfg_04,50.56
rubric_assisted,DEMO_CASE_002,Q4,cfg_05,53.64
rubric_assisted,DEMO_CASE_002,Q4,cfg_06,64.15
rubric_assisted,DEMO_CASE_002,Q5,cfg_01,44.45
rubric_assisted,DEMO_CASE_002,Q5,cfg_02,76.34
rubric_assisted,DEMO_CASE_002,Q5,cfg_03,52.81
rubric_assisted,DEMO_CASE_002,Q5,cfg_04,78.97
rubric_assisted,DEMO_CASE_002,Q5,cfg_05,74.7
rubric_assisted,DEMO_CASE_002,Q5,cfg_06,63.52
rubric_assisted,DEMO_CASE_002,Q6,cfg_01,67.59
rubric_assisted,DEMO_CASE_002,Q6,cfg_02,50.92
rubric_assisted,DEMO_CASE_002,Q6,cfg_03,40.7
rubric_assisted,DEMO_CASE_002,Q6,cfg_04,35.36
rubric_assisted,DEMO_CASE_002,Q6,cfg_05,59.43
rubric_assisted,DEMO_CASE_002,Q6,cfg_06,69.01
rubric_assisted,DEMO_CASE_002,Q7,cfg_01,64.73
rubric_assisted,DEMO_CASE_002,Q7,cfg_02,59.5
rubric_assisted,DEMO_CASE_002,Q7,cfg_03,53.58
rubric_assisted,DEMO_CASE_002,Q7,cfg_04,43.14
rubric_assisted,DEMO_CASE_002,Q7,cfg_05,44.45
rubric_assisted,DEMO_CASE_002,Q7,cfg_06,62.65
rubric_assisted,DEMO_CASE_002,Q8,cfg_01,37.47
rubric_assisted,DEMO_CASE_002,Q8,cfg_02,56.23
rubric_assisted,DEMO_CASE_002,Q8,cfg_03,65.63
rubric_assisted,DEMO_CASE_002,Q8,cfg_04,38.51
rubric_assisted,DEMO_CASE_002,Q8,cfg_05,57.83
rubric_assisted,DEMO_CASE_002,Q8,cfg_06,74.45
rubric_assisted,DEMO_CASE_002,Q9,cfg_01,47.19
rubric_assisted,DEMO_CASE_002,Q9,cfg_02,71.79
rubric_assisted,DEMO_CASE_002,Q9,cfg_03,44.42
rubric_assisted,DEMO_CASE_002,Q9,cfg_04,63.91
rubric_assisted,DEMO_CASE_002,Q9,cfg_05,35.65
rubric_assisted,DEMO_CASE_002,Q9,cfg_06,67.77
rubric_assisted,DEMO_CASE_002,Q10,cfg_01,40.96
rubric_assisted,DEMO_CASE_002,Q10,cfg_02,60.86
rubric_assisted,DEMO_CASE_002,Q10,cfg_03,57.48
rubric_assisted,DEMO_CASE_002,Q10,cfg_04,42.57
rubric_assisted,DEMO_CASE_002,Q10,cfg_05,62.5
rubric_assisted,DEMO_CASE_002,Q10,cfg_06,78.09
rubric_assisted,DEMO_CASE_002,Q11,cfg_01,74.98
rubric_assisted,DEMO_CASE_002,Q11,cfg_02,61.79
rubric_assisted,DEMO_CASE_002,Q11,cfg_03,48.15
rubric_assisted,DEMO_CASE_002,Q11,cfg_04,47.85
rubric_assisted,DEMO_CASE_002,Q11,cfg_05,52.9
rubric_assisted,DEMO_CASE_002,Q11,cfg_06,56.04
rubric_assisted,DEMO_CASE_002,Q12,cfg_01,77.35
rubric_assisted,DEMO_CASE_002,Q12,cfg_02,41.69
rubric_assisted,DEMO_CASE_002,Q12,cfg_03,55.74
rubric_assisted,DEMO_CASE_002,Q12,cfg_04,36.93
rubric_assisted,DEMO_CASE_002,Q12,cfg_05,52.3
rubric_assisted,DEMO_CASE_002,Q12,cfg_06,50.14
rubric_assisted,DEMO_CASE_002,Q13,cfg_01,64.21
rubric_assisted,DEMO_CASE_002,Q13,cfg_02,84.24
rubric_assisted,DEMO_CASE_002,Q13,cfg_03,65.23
rubric_assisted,DEMO_CASE_002,Q13,cfg_04,50.66
rubric_assisted,DEMO_CASE_002,Q13,cfg_05,79.51
rubric_assisted,DEMO_CASE_002,Q13,cfg_06,43.86
rubric_assisted,DEMO_CASE_002,Q14,cfg_01,63.94
rubric_assisted,DEMO_CASE_002,Q14,cfg_02,84.01
rubric_assisted,DEMO_CASE_002,Q14,cfg_03,55.99
rubric_assisted,DEMO_CASE_002,Q14,cfg_04,56.38
rubric_assisted,DEMO_CASE_002,Q14,cfg_05,53.21
rubric_assisted,DEMO_CASE_002,Q14,cfg_06,47.66
rubric_assisted,DEMO_CASE_002,Q15,cfg_01,67.93
rubric_assisted,DEMO_CASE_002,Q15,cfg_02,42.74
rubric_assisted,DEMO_CASE_002,Q15,cfg_03,65.02
rubric_assisted,DEMO_CASE_002,Q15,cfg_04,67.04
rubric_assisted,DEMO_CASE_002,Q15,cfg_05,63.44
rubric_assisted,DEMO_CASE_002,Q15,cfg_06,45.26
rubric_assisted,DEMO_CASE_003,Q1,cfg_01,61.41
rubric_assisted,DEMO_CASE_003,Q1,cfg_02,35.7
rubric_assisted,DEMO_CASE_003,Q1,cfg_03,68.89
rubric_assisted,DEMO_CASE_003,Q1,cfg_04,51.67
rubric_assisted,DEMO_CASE_003,Q1,cfg_05,71.47
rubric_assisted,DEMO_CASE_003,Q1,cfg_06,62.22
rubric_assisted,DEMO_CASE_003,Q2,cfg_01,72.17
rubric_assisted,DEMO_CASE_003,Q2,cfg_02,67.82
rubric_assisted,DEMO_CASE_003,Q2,cfg_03,76.55
rubric_assisted,DEMO_CASE_003,Q2,cfg_04,58.22
rubric_assisted,DEMO_CASE_003,Q2,cfg_05,54.64
rubric_assisted,DEMO_CASE_003,Q2,cfg_06,40.58
rubric_assisted,DEMO_CASE_003,Q3,cfg_01,78.31
rubric_assisted,DEMO_CASE_003,Q3,cfg_02,53.39
rubric_assisted,DEMO_CASE_003,Q3,cfg_03,45.95
rubric_assisted,DEMO_CASE_003,Q3,cfg_04,74.47
rubric_assisted,DEMO_CASE_003,Q3,cfg_05,82.24
rubric_assisted,DEMO_CASE_003,Q3,cfg_06,35.98
rubric_assisted,DEMO_CASE_003,Q4,cfg_01,35.51
rubric_assisted,DEMO_CASE_003,Q4,cfg_02,67.46
rubric_assisted,DEMO_CASE_003,Q4,cfg_03,45.69
rubric_assisted,DEMO_CASE_003,Q4,cfg_04,67.8
rubric_assisted,DEMO_CASE_003,Q4,cfg_05,81.0
rubric_assisted,DEMO_CASE_003,Q4,cfg_06,45.37
rubric_assisted,DEMO_CASE_003,Q5,cfg_01,64.11
rubric_assisted,DEMO_CASE_003,Q5,cfg_02,79.05
rubric_assisted,DEMO_CASE_003,Q5,cfg_03,40.93
rubric_assisted,DEMO_CASE_003,Q5,cfg_04,58.14
rubric_assisted,DEMO_CASE_003,Q5,cfg_05,80.37
rubric_assisted,DEMO_CASE_003,Q5,cfg_06,54.64
rubric_assisted,DEMO_CASE_003,Q6,cfg_01,48.74
rubric_assisted,DEMO_CASE_003,Q6,cfg_02,53.3
rubric_assisted,DEMO_CASE_003,Q6,cfg_03,72.49
rubric_assisted,DEMO_CASE_003,Q6,cfg_04,37.47
rubric_assisted,DEMO_CASE_003,Q6,cfg_05,68.85
rubric_assisted,DEMO_CASE_003,Q6,cfg_06,56.6
rubric_assisted,DEMO_CASE_003,Q7,cfg_01,45.54
rubric_assisted,DEMO_CASE_003,Q7,cfg_02,35.45
rubric_assisted,DEMO_CASE_003,Q7,cfg_03,64.61
rubric_assisted,DEMO_CASE_003,Q7,cfg_04,36.28
rubric_assisted,DEMO_CASE_003,Q7,cfg_05,36.64
rubric_assisted,DEMO_CASE_003,Q7,cfg_06,75.81
rubric_assisted,DEMO_CASE_003,Q8,cfg_01,47.45
rubric_assisted,DEMO_CASE_003,Q8,cfg_02,70.75
rubric_assisted,DEMO_CASE_003,Q8,cfg_03,40.2
rubric_assisted,DEMO_CASE_003,Q8,cfg_04,41.27
rubric_assisted,DEMO_CASE_003,Q8,cfg_05,36.29
rubric_assisted,DEMO_CASE_003,Q8,cfg_06,71.83
rubric_assisted,DEMO_CASE_003,Q9,cfg_01,74.15
rubric_assisted,DEMO_CASE_003,Q9,cfg_02,77.26
rubric_assisted,DEMO_CASE_003,Q9,cfg_03,37.64
rubric_assisted,DEMO_CASE_003,Q9,cfg_04,48.92
rubric_assisted,DEMO_CASE_003,Q9,cfg_05,58.42
rubric_assisted,DEMO_CASE_003,Q9,cfg_06,43.09
rubric_assisted,DEMO_CASE_003,Q10,cfg_01,83.13
rubric_assisted,DEMO_CASE_003,Q10,cfg_02,79.56
rubric_assisted,DEMO_CASE_003,Q10,cfg_03,53.47
rubric_assisted,DEMO_CASE_003,Q10,cfg_04,65.48
rubric_assisted,DEMO_CASE_003,Q10,cfg_05,49.79
rubric_assisted,DEMO_CASE_003,Q10,cfg_06,67.26
rubric_assisted,DEMO_CASE_003,Q11,cfg_01,49.54
rubric_assisted,DEMO_CASE_003,Q11,cfg_02,54.39
rubric_assisted,DEMO_CASE_003,Q11,cfg_03,75.65
rubric_assisted,DEMO_CASE_003,Q11,cfg_04,44.69
rubric_assisted,DEMO_CASE_003,Q11,cfg_05,74.96
rubric_assisted,DEMO_CASE_003,Q11,cfg_06,39.93
rubric_assisted,DEMO_CASE_003,Q12,cfg_01,62.26
rubric_assisted,DEMO_CASE_003,Q12,cfg_02,67.52
rubric_assisted,DEMO_CASE_003,Q12,cfg_03,50.03
rubric_assisted,DEMO_CASE_003,Q12,cfg_04,86.07
rubric_assisted,DEMO_CASE_003,Q12,cfg_05,85.15
rubric_assisted,DEMO_CASE_003,Q12,cfg_06,63.71
rubric_assisted,DEMO_CASE_003,Q13,cfg_01,79.25
rubric_assisted,DEMO_CASE_003,Q13,cfg_02,38.83
rubric_assisted,DEMO_CASE_003,Q13,cfg_03,68.94
rubric_assisted,DEMO_CASE_003,Q13,cfg_04,79.23
rubric_assisted,DEMO_CASE_003,Q13,cfg_05,58.92
rubric_assisted,DEMO_CASE_003,Q13,cfg_06,71.41
rubric_assisted,DEMO_CASE_003,Q14,cfg_01,44.12
rubric_assisted,DEMO_CASE_003,Q14,cfg_02,70.71
rubric_assisted,DEMO_CASE_003,Q14,cfg_03,58.59
rubric_assisted,DEMO_CASE_003,Q14,cfg_04,81.42
rubric_assisted,DEMO_CASE_003,Q14,cfg_05,77.68
rubric_assisted,DEMO_CASE_003,Q14,cfg_06,77.96
rubric_assisted,DEMO_CASE_003,Q15,cfg_01,44.78
rubric_assisted,DEMO_CASE_003,Q15,cfg_02,61.68
rubric_assisted,DEMO_CASE_003,Q15,cfg_03,66.9
rubric_assisted,DEMO_CASE_003,Q15,cfg_04,62.58
rubric_assisted,DEMO_CASE_003,Q15,cfg_05,68.27
rubric_assisted,DEMO_CASE_003,Q15,cfg_06,85.56
rubric_assisted,DEMO_CASE_004,Q1,cfg_01,61.2
rubric_assisted,DEMO_CASE_004,Q1,cfg_02,34.28
rubric_assisted,DEMO_CASE_004,Q1,cfg_03,43.72
rubric_assisted,DEMO_CASE_004,Q1,cfg_04,80.46
rubric_assisted,DEMO_CASE_004,Q1,cfg_05,69.04
rubric_assisted,DEMO_CASE_004,Q1,cfg_06,80.72
rubric_assisted,DEMO_CASE_004,Q2,cfg_01,77.15
rubric_assisted,DEMO_CASE_004,Q2,cfg_02,41.02
rubric_assisted,DEMO_CASE_004,Q2,cfg_03,39.91
rubric_assisted,DEMO_CASE_004,Q2,cfg_04,71.26
rubric_assisted,DEMO_CASE_004,Q2,cfg_05,49.8
rubric_assisted,DEMO_CASE_004,Q2,cfg_06,80.32
rubric_assisted,DEMO_CASE_004,Q3,cfg_01,65.52
rubric_assisted,DEMO_CASE_004,Q3,cfg_02,51.39
rubric_assisted,DEMO_CASE_004,Q3,cfg_03,75.22
rubric_assisted,DEMO_CASE_004,Q3,cfg_04,69.47
rubric_assisted,DEMO_CASE_004,Q3,cfg_05,70.57
rubric_assisted,DEMO_CASE_004,Q3,cfg_06,54.84
rubric_assisted,DEMO_CASE_004,Q4,cfg_01,55.18
rubric_assisted,DEMO_CASE_004,Q4,cfg_02,47.7
rubric_assisted,DEMO_CASE_004,Q4,cfg_03,79.45
rubric_assisted,DEMO_CASE_004,Q4,cfg_04,75.71
rubric_assisted,DEMO_CASE_004,Q4,cfg_05,41.76
rubric_assisted,DEMO_CASE_004,Q4,cfg_06,48.14
rubric_assisted,DEMO_CASE_004,Q5,cfg_01,69.59
rubric_assisted,DEMO_CASE_004,Q5,cfg_02,59.18
rubric_assisted,DEMO_CASE_004,Q5,cfg_03,73.62
rubric_assisted,DEMO_CASE_004,Q5,cfg_04,37.13
rubric_assisted,DEMO_CASE_004,Q5,cfg_05,53.91
rubric_assisted,DEMO_CASE_004,Q5,cfg_06,64.38
rubric_assisted,DEMO_CASE_004,Q6,cfg_01,70.55
rubric_assisted,DEMO_CASE_004,Q6,cfg_02,38.4
rubric_assisted,DEMO_CASE_004,Q6,cfg_03,41.71
rubric_assisted,DEMO_CASE_004,Q6,cfg_04,44.37
rubric_assisted,DEMO_CASE_004,Q6,cfg_05,53.97
rubric_assisted,DEMO_CASE_004,Q6,cfg_06,76.52
rubric_assisted,DEMO_CASE_004,Q7,cfg_01,49.24
rubric_assisted,DEMO_CASE_004,Q7,cfg_02,51.59
rubric_assisted,DEMO_CASE_004,Q7,cfg_03,50.33
rubric_assisted,DEMO_CASE_004,Q7,cfg_04,74.17
rubric_assisted,DEMO_CASE_004,Q7,cfg_05,51.53
rubric_assisted,DEMO_CASE_004,Q7,cfg_06,74.83
rubric_assisted,DEMO_CASE_004,Q8,cfg_01,68.74
rubric_assisted,DEMO_CASE_004,Q8,cfg_02,57.17
rubric_assisted,DEMO_CASE_004,Q8,cfg_03,82.25
rubric_assisted,DEMO_CASE_004,Q8,cfg_04,41.7
rubric_assisted,DEMO_CASE_004,Q8,cfg_05,63.84
rubric_assisted,DEMO_CASE_004,Q8,cfg_06,81.33
rubric_assisted,DEMO_CASE_004,Q9,cfg_01,54.27
rubric_assisted,DEMO_CASE_004,Q9,cfg_02,69.75
rubric_assisted,DEMO_CASE_004,Q9,cfg_03,80.72
rubric_assisted,DEMO_CASE_004,Q9,cfg_04,82.82
rubric_assisted,DEMO_CASE_004,Q9,cfg_05,44.71
rubric_assisted,DEMO_CASE_004,Q9,cfg_06,42.36
rubric_assisted,DEMO_CASE_004,Q10,cfg_01,48.72
rubric_assisted,DEMO_CASE_004,Q10,cfg_02,54.06
rubric_assisted,DEMO_CASE_004,Q10,cfg_03,66.81
rubric_assisted,DEMO_CASE_004,Q10,cfg_04,56.68
rubric_assisted,DEMO_CASE_004,Q10,cfg_05,54.71
rubric_assisted,DEMO_CASE_004,Q10,cfg_06,56.16
rubric_assisted,DEMO_CASE_004,Q11,cfg_01,67.77
rubric_assisted,DEMO_CASE_004,Q11,cfg_02,56.32
rubric_assisted,DEMO_CASE_004,Q11,cfg_03,65.3
rubric_assisted,DEMO_CASE_004,Q11,cfg_04,41.24
rubric_assisted,DEMO_CASE_004,Q11,cfg_05,43.7
rubric_assisted,DEMO_CASE_004,Q11,cfg_06,53.28
rubric_assisted,DEMO_CASE_004,Q12,cfg_01,64.12
rubric_assisted,DEMO_CASE_004,Q12,cfg_02,63.25
rubric_assisted,DEMO_CASE_004,Q12,cfg_03,84.45
rubric_assisted,DEMO_CASE_004,Q12,cfg_04,54.32
rubric_assisted,DEMO_CASE_004,Q12,cfg_05,73.13
rubric_assisted,DEMO_CASE_004,Q12,cfg_06,79.68
rubric_assisted,DEMO_CASE_004,Q13,cfg_01,79.27
rubric_assisted,DEMO_CASE_004,Q13,cfg_02,70.53
rubric_assisted,DEMO_CASE_004,Q13,cfg_03,81.57
rubric_assisted,DEMO_CASE_004,Q13,cfg_04,46.91
rubric_assisted,DEMO_CASE_004,Q13,cfg_05,39.42
rubric_assisted,DEMO_CASE_004,Q13,cfg_06,38.25
rubric_assisted,DEMO_CASE_004,Q14,cfg_01,48.13
rubric_assisted,DEMO_CASE_004,Q14,cfg_02,40.38
rubric_assisted,DEMO_CASE_004,Q14,cfg_03,68.96
rubric_assisted,DEMO_CASE_004,Q14,cfg_04,44.14
rubric_assisted,DEMO_CASE_004,Q14,cfg_05,58.63
rubric_assisted,DEMO_CASE_004,Q14,cfg_06,60.32
rubric_assisted,DEMO_CASE_004,Q15,cfg_01,60.71
rubric_assisted,DEMO_CASE_004,Q15,cfg_02,86.87
rubric_assisted,DEMO_CASE_004,Q15,cfg_03,77.12
rubric_assisted,DEMO_CASE_004,Q15,cfg_04,77.5
rubric_assisted,DEMO_CASE_004,Q15,cfg_05,77.51
rubric_assisted,DEMO_CASE_004,Q15,cfg_06,53.3
rubric_assisted,DEMO_CASE_005,Q1,cfg_01,55.66
rubric_assisted,DEMO_CASE_005,Q1,cfg_02,62.0
rubric_assisted,DEMO_CASE_005,Q1,cfg_03,44.89
rubric_assisted,DEMO_CASE_005,Q1,cfg_04,66.16
rubric_assisted,DEMO_CASE_005,Q1,cfg_05,59.21
rubric_assisted,DEMO_CASE_005,Q1,cfg_06,38.4
rubric_assisted,DEMO_CASE_005,Q2,cfg_01,41.02
rubric_assisted,DEMO_CASE_005,Q2,cfg_02,37.7
rubric_assisted,DEMO_CASE_005,Q2,cfg_03,53.7
rubric_assisted,DEMO_CASE_005,Q2,cfg_04,83.52
rubric_assisted,DEMO_CASE_005,Q2,cfg_05,56.55
rubric_assisted,DEMO_CASE_005,Q2,cfg_06,34.35
rubric_assisted,DEMO_CASE_005,Q3,cfg_01,69.78
rubric_assisted,DEMO_CASE_005,Q3,cfg_02,48.76
rubric_assisted,DEMO_CASE_005,Q3,cfg_03,74.57
rubric_assisted,DEMO_CASE_005,Q3,cfg_04,69.62
rubric_assisted,DEMO_CASE_005,Q3,cfg_05,50.8
rubric_assisted,DEMO_CASE_005,Q3,cfg_06,68.13
rubric_assisted,DEMO_CASE_005,Q4,cfg_01,72.5
rubric_assisted,DEMO_CASE_005,Q4,cfg_02,57.87
rubric_assisted,DEMO_CASE_005,Q4,cfg_03,64.8
rubric_assisted,DEMO_CASE_005,Q4,cfg_04,61.56
rubric_assisted,DEMO_CASE_005,Q4,cfg_05,82.59
rubric_assisted,DEMO_CASE_005,Q4,cfg_06,38.15
rubric_assisted,DEMO_CASE_005,Q5,cfg_01,83.02
rubric_assisted,DEMO_CASE_005,Q5,cfg_02,84.95
rubric_assisted,DEMO_CASE_005,Q5,cfg_03,38.53
rubric_assisted,DEMO_CASE_005,Q5,cfg_04,72.46
rubric_assisted,DEMO_CASE_005,Q5,cfg_05,48.08
rubric_assisted,DEMO_CASE_005,Q5,cfg_06,37.27
rubric_assisted,DEMO_CASE_005,Q6,cfg_01,37.01
rubric_assisted,DEMO_CASE_005,Q6,cfg_02,69.91
rubric_assisted,DEMO_CASE_005,Q6,cfg_03,78.93
rubric_assisted,DEMO_CASE_005,Q6,cfg_04,82.23
rubric_assisted,DEMO_CASE_005,Q6,cfg_05,61.61
rubric_assisted,DEMO_CASE_005,Q6,cfg_06,83.54
rubric_assisted,DEMO_CASE_005,Q7,cfg_01,43.53
rubric_assisted,DEMO_CASE_005,Q7,cfg_02,61.94
rubric_assisted,DEMO_CASE_005,Q7,cfg_03,68.87
rubric_assisted,DEMO_CASE_005,Q7,cfg_04,44.44
rubric_assisted,DEMO_CASE_005,Q7,cfg_05,40.89
rubric_assisted,DEMO_CASE_005,Q7,cfg_06,67.43
rubric_assisted,DEMO_CASE_005,Q8,cfg_01,48.76
rubric_assisted,DEMO_CASE_005,Q8,cfg_02,36.95
rubric_assisted,DEMO_CASE_005,Q8,cfg_03,61.93
rubric_assisted,DEMO_CASE_005,Q8,cfg_04,66.96
rubric_assisted,DEMO_CASE_005,Q8,cfg_05,83.41
rubric_assisted,DEMO_CASE_005,Q8,cfg_06,60.92
rubric_assisted,DEMO_CASE_005,Q9,cfg_01,71.83
rubric_assisted,DEMO_CASE_005,Q9,cfg_02,81.03
rubric_assisted,DEMO_CASE_005,Q9,cfg_03,70.78
rubric_assisted,DEMO_CASE_005,Q9,cfg_04,42.24
rubric_assisted,DEMO_CASE_005,Q9,cfg_05,55.16
rubric_assisted,DEMO_CASE_005,Q9,cfg_06,58.77
rubric_assisted,DEMO_CASE_005,Q10,cfg_01,57.81
rubric_assisted,DEMO_CASE_005,Q10,cfg_02,51.64
rubric_assisted,DEMO_CASE_005,Q10,cfg_03,78.57
rubric_assisted,DEMO_CASE_005,Q10,cfg_04,80.09
rubric_assisted,DEMO_CASE_005,Q10,cfg_05,40.9
rubric_assisted,DEMO_CASE_005,Q10,cfg_06,54.91
rubric_assisted,DEMO_CASE_005,Q11,cfg_01,76.04
rubric_assisted,DEMO_CASE_005,Q11,cfg_02,40.88
rubric_assisted,DEMO_CASE_005,Q11,cfg_03,53.1
rubric_assisted,DEMO_CASE_005,Q11,cfg_04,62.06
rubric_assisted,DEMO_CASE_005,Q11,cfg_05,53.27
rubric_assisted,DEMO_CASE_005,Q11,cfg_06,56.62
rubric_assisted,DEMO_CASE_005,Q12,cfg_01,70.09
rubric_assisted,DEMO_CASE_005,Q12,cfg_02,72.51
rubric_assisted,DEMO_CASE_005,Q12,cfg_03,87.41
rubric_assisted,DEMO_CASE_005,Q12,cfg_04,46.4
rubric_assisted,DEMO_CASE_005,Q12,cfg_05,54.96
rubric_assisted,DEMO_CASE_005,Q12,cfg_06,52.98
rubric_assisted,DEMO_CASE_005,Q13,cfg_01,62.1
rubric_assisted,DEMO_CASE_005,Q13,cfg_02,81.65
rubric_assisted,DEMO_CASE_005,Q13,cfg_03,45.91
rubric_assisted,DEMO_CASE_005,Q13,cfg_04,80.01
rubric_assisted,DEMO_CASE_005,Q13,cfg_05,84.73
rubric_assisted,DEMO_CASE_005,Q13,cfg_06,77.8
rubric_assisted,DEMO_CASE_005,Q14,cfg_01,82.28
rubric_assisted,DEMO_CASE_005,Q14,cfg_02,72.43
rubric_assisted,DEMO_CASE_005,Q14,cfg_03,61.11
rubric_assisted,DEMO_CASE_005,Q14,cfg_04,75.18
rubric_assisted,DEMO_CASE_005,Q14,cfg_05,70.89
rubric_assisted,DEMO_CASE_005,Q14,cfg_06,63.76
rubric_assisted,DEMO_CASE_005,Q15,cfg_01,52.39
rubric_assisted,DEMO_CASE_005,Q15,cfg_02,49.9
rubric_assisted,DEMO_CASE_005,Q15,cfg_03,71.26
rubric_assisted,DEMO_CASE_005,Q15,cfg_04,51.59
rubric_assisted,DEMO_CASE_005,Q15,cfg_05,40.2
rubric_assisted,DEMO_CASE_005,Q15,cfg_06,66.19
rubric_assisted,DEMO_CASE_006,Q1,cfg_01,69.02
rubric_assisted,DEMO_CASE_006,Q1,cfg_02,52.95
rubric_assisted,DEMO_CASE_006,Q1,cfg_03,71.07
rubric_assisted,DEMO_CASE_006,Q1,cfg_04,68.31
rubric_assisted,DEMO_CASE_006,Q1,cfg_05,67.79
rubric_assisted,DEMO_CASE_006,Q1,cfg_06,69.01
rubric_assisted,DEMO_CASE_006,Q2,cfg_01,73.48
rubric_assisted,DEMO_CASE_006,Q2,cfg_02,53.95
rubric_assisted,DEMO_CASE_006,Q2,cfg_03,39.07
rubric_assisted,DEMO_CASE_006,Q2,cfg_04,35.63
rubric_assisted,DEMO_CASE_006,Q2,cfg_05,40.17
rubric_assisted,DEMO_CASE_006,Q2,cfg_06,73.52
rubric_assisted,DEMO_CASE_006,Q3,cfg_01,38.09
rubric_assisted,DEMO_CASE_006,Q3,cfg_02,72.99
rubric_assisted,DEMO_CASE_006,Q3,cfg_03,73.16
rubric_assisted,DEMO_CASE_006,Q3,cfg_04,79.96
rubric_assisted,DEMO_CASE_006,Q3,cfg_05,38.8
rubric_assisted,DEMO_CASE_006,Q3,cfg_06,65.18
rubric_assisted,DEMO_CASE_006,Q4,cfg_01,70.67
rubric_assisted,DEMO_CASE_006,Q4,cfg_02,50.01
rubric_assisted,DEMO_CASE_006,Q4,cfg_03,83.35
rubric_assisted,DEMO_CASE_006,Q4,cfg_04,57.15
rubric_assisted,DEMO_CASE_006,Q4,cfg_05,50.91
rubric_assisted,DEMO_CASE_006,Q4,cfg_06,55.82
rubric_assisted,DEMO_CASE_006,Q5,cfg_01,85.24
rubric_assisted,DEMO_CASE_006,Q5,cfg_02,39.45
rubric_assisted,DEMO_CASE_006,Q5,cfg_03,56.37
rubric_assisted,DEMO_CASE_006,Q5,cfg_04,82.68
rubric_assisted,DEMO_CASE_006,Q5,cfg_05,81.01
rubric_assisted,DEMO_CASE_006,Q5,cfg_06,77.21
rubric_assisted,DEMO_CASE_006,Q6,cfg_01,77.58
rubric_assisted,DEMO_CASE_006,Q6,cfg_02,46.85
rubric_assisted,DEMO_CASE_006,Q6,cfg_03,79.65
rubric_assisted,DEMO_CASE_006,Q6,cfg_04,79.81
rubric_assisted,DEMO_CASE_006,Q6,cfg_05,77.26
rubric_assisted,DEMO_CASE_006,Q6,cfg_06,38.93
rubric_assisted,DEMO_CASE_006,Q7,cfg_01,52.49
rubric_assisted,DEMO_CASE_006,Q7,cfg_02,67.81
rubric_assisted,DEMO_CASE_006,Q7,cfg_03,80.91
rubric_assisted,DEMO_CASE_006,Q7,cfg_04,68.05
rubric_assisted,DEMO_CASE_006,Q7,cfg_05,68.13
rubric_assisted,DEMO_CASE_006,Q7,cfg_06,77.78
rubric_assisted,DEMO_CASE_006,Q8,cfg_01,47.5
rubric_assisted,DEMO_CASE_006,Q8,cfg_02,37.31
rubric_assisted,DEMO_CASE_006,Q8,cfg_03,55.52
rubric_assisted,DEMO_CASE_006,Q8,cfg_04,83.17
rubric_assisted,DEMO_CASE_006,Q8,cfg_05,61.58
rubric_assisted,DEMO_CASE_006,Q8,cfg_06,79.44
rubric_assisted,DEMO_CASE_006,Q9,cfg_01,40.27
rubric_assisted,DEMO_CASE_006,Q9,cfg_02,71.28
rubric_assisted,DEMO_CASE_006,Q9,cfg_03,63.18
rubric_assisted,DEMO_CASE_006,Q9,cfg_04,63.73
rubric_assisted,DEMO_CASE_006,Q9,cfg_05,77.18
rubric_assisted,DEMO_CASE_006,Q9,cfg_06,67.41
rubric_assisted,DEMO_CASE_006,Q10,cfg_01,63.29
rubric_assisted,DEMO_CASE_006,Q10,cfg_02,70.22
rubric_assisted,DEMO_CASE_006,Q10,cfg_03,82.9
rubric_assisted,DEMO_CASE_006,Q10,cfg_04,54.95
rubric_assisted,DEMO_CASE_006,Q10,cfg_05,49.8
rubric_assisted,DEMO_CASE_006,Q10,cfg_06,62.29
rubric_assisted,DEMO_CASE_006,Q11,cfg_01,87.72
rubric_assisted,DEMO_CASE_006,Q11,cfg_02,69.23
rubric_assisted,DEMO_CASE_006,Q11,cfg_03,51.81
rubric_assisted,DEMO_CASE_006,Q11,cfg_04,66.77
rubric_assisted,DEMO_CASE_006,Q11,cfg_05,47.18
rubric_assisted,DEMO_CASE_006,Q11,cfg_06,87.87
rubric_assisted,DEMO_CASE_006,Q12,cfg_01,77.28
rubric_assisted,DEMO_CASE_006,Q12,cfg_02,49.04
rubric_assisted,DEMO_CASE_006,Q12,cfg_03,65.45
rubric_assisted,DEMO_CASE_006,Q12,cfg_04,85.17
rubric_assisted,DEMO_CASE_006,Q12,cfg_05,52.89
rubric_assisted,DEMO_CASE_006,Q12,cfg_06,59.91
rubric_assisted,DEMO_CASE_006,Q13,cfg_01,78.85
rubric_assisted,DEMO_CASE_006,Q13,cfg_02,85.93
rubric_assisted,DEMO_CASE_006,Q13,cfg_03,42.36
rubric_assisted,DEMO_CASE_006,Q13,cfg_04,88.86
rubric_assisted,DEMO_CASE_006,Q13,cfg_05,89.19
rubric_assisted,DEMO_CASE_006,Q13,cfg_06,74.03
rubric_assisted,DEMO_CASE_006,Q14,cfg_01,79.79
rubric_assisted,DEMO_CASE_006,Q14,cfg_02,52.47
rubric_assisted,DEMO_CASE_006,Q14,cfg_03,62.93
rubric_assisted,DEMO_CASE_006,Q14,cfg_04,51.57
rubric_assisted,DEMO_CASE_006,Q14,cfg_05,70.65
rubric_assisted,DEMO_CASE_006,Q14,cfg_06,58.67
rubric_assisted,DEMO_CASE_006,Q15,cfg_01,53.52
rubric_assisted,DEMO_CASE_006,Q15,cfg_02,55.81
rubric_assisted,DEMO_CASE_006,Q15,cfg_03,56.55
rubric_assisted,DEMO_CASE_006,Q15,cfg_04,53.68
rubric_assisted,DEMO_CASE_006,Q15,cfg_05,44.53
rubric_assisted,DEMO_CASE_006,Q15,cfg_06,86.58
rubric_assisted,DEMO_CASE_007,Q1,cfg_01,42.74
rubric_assisted,DEMO_CASE_007,Q1,cfg_02,38.99
rubric_assisted,DEMO_CASE_007,Q1,cfg_03,56.09
rubric_assisted,DEMO_CASE_007,Q1,cfg_04,54.9
rubric_assisted,DEMO_CASE_007,Q1,cfg_05,74.91
rubric_assisted,DEMO_CASE_007,Q1,cfg_06,70.6
rubric_assisted,DEMO_CASE_007,Q2,cfg_01,38.3
rubric_assisted,DEMO_CASE_007,Q2,cfg_02,42.97
rubric_assisted,DEMO_CASE_007,Q2,cfg_03,76.45
rubric_assisted,DEMO_CASE_007,Q2,cfg_04,65.75
rubric_assisted,DEMO_CASE_007,Q2,cfg_05,55.16
rubric_assisted,DEMO_CASE_007,Q2,cfg_06,40.82
rubric_assisted,DEMO_CASE_007,Q3,cfg_01,50.87
rubric_assisted,DEMO_CASE_007,Q3,cfg_02,64.59
rubric_assisted,DEMO_CASE_007,Q3,cfg_03,50.88
rubric_assisted,DEMO_CASE_007,Q3,cfg_04,81.79
rubric_assisted,DEMO_CASE_007,Q3,cfg_05,60.5
rubric_assisted,DEMO_CASE_007,Q3,cfg_06,40.76
rubric_assisted,DEMO_CASE_007,Q4,cfg_01,61.81
rubric_assisted,DEMO_CASE_007,Q4,cfg_02,64.19
rubric_assisted,DEMO_CASE_007,Q4,cfg_03,56.29
rubric_assisted,DEMO_CASE_007,Q4,cfg_04,73.91
rubric_assisted,DEMO_CASE_007,Q4,cfg_05,69.89
rubric_assisted,DEMO_CASE_007,Q4,cfg_06,60.17
rubric_assisted,DEMO_CASE_007,Q5,cfg_01,36.7
rubric_assisted,DEMO_CASE_007,Q5,cfg_02,81.29
rubric_assisted,DEMO_CASE_007,Q5,cfg_03,80.84
rubric_assisted,DEMO_CASE_007,Q5,cfg_04,54.31
rubric_assisted,DEMO_CASE_007,Q5,cfg_05,63.74
rubric_assisted,DEMO_CASE_007,Q5,cfg_06,62.83
rubric_assisted,DEMO_CASE_007,Q6,cfg_01,59.74
rubric_assisted,DEMO_CASE_007,Q6,cfg_02,69.49
rubric_assisted,DEMO_CASE_007,Q6,cfg_03,81.94
rubric_assisted,DEMO_CASE_007,Q6,cfg_04,49.22
rubric_assisted,DEMO_CASE_007,Q6,cfg_05,52.4
rubric_assisted,DEMO_CASE_007,Q6,cfg_06,60.8
rubric_assisted,DEMO_CASE_007,Q7,cfg_01,77.39
rubric_assisted,DEMO_CASE_007,Q7,cfg_02,75.0
rubric_assisted,DEMO_CASE_007,Q7,cfg_03,51.06
rubric_assisted,DEMO_CASE_007,Q7,cfg_04,50.94
rubric_assisted,DEMO_CASE_007,Q7,cfg_05,63.51
rubric_assisted,DEMO_CASE_007,Q7,cfg_06,67.37
rubric_assisted,DEMO_CASE_007,Q8,cfg_01,56.46
rubric_assisted,DEMO_CASE_007,Q8,cfg_02,68.61
rubric_assisted,DEMO_CASE_007,Q8,cfg_03,47.92
rubric_assisted,DEMO_CASE_007,Q8,cfg_04,79.47
rubric_assisted,DEMO_CASE_007,Q8,cfg_05,84.18
rubric_assisted,DEMO_CASE_007,Q8,cfg_06,38.96
rubric_assisted,DEMO_CASE_007,Q9,cfg_01,81.53
rubric_assisted,DEMO_CASE_007,Q9,cfg_02,60.5
rubric_assisted,DEMO_CASE_007,Q9,cfg_03,79.78
rubric_assisted,DEMO_CASE_007,Q9,cfg_04,55.27
rubric_assisted,DEMO_CASE_007,Q9,cfg_05,73.57
rubric_assisted,DEMO_CASE_007,Q9,cfg_06,67.4
rubric_assisted,DEMO_CASE_007,Q10,cfg_01,59.17
rubric_assisted,DEMO_CASE_007,Q10,cfg_02,75.1
rubric_assisted,DEMO_CASE_007,Q10,cfg_03,53.64
rubric_assisted,DEMO_CASE_007,Q10,cfg_04,63.03
rubric_assisted,DEMO_CASE_007,Q10,cfg_05,43.74
rubric_assisted,DEMO_CASE_007,Q10,cfg_06,62.96
rubric_assisted,DEMO_CASE_007,Q11,cfg_01,54.87
rubric_assisted,DEMO_CASE_007,Q11,cfg_02,45.78
rubric_assisted,DEMO_CASE_007,Q11,cfg_03,48.96
rubric_assisted,DEMO_CASE_007,Q11,cfg_04,86.73
rubric_assisted,DEMO_CASE_007,Q11,cfg_05,82.25
rubric_assisted,DEMO_CASE_007,Q11,cfg_06,48.45
rubric_assisted,DEMO_CASE_007,Q12,cfg_01,53.34
rubric_assisted,DEMO_CASE_007,Q12,cfg_02,66.51
rubric_assisted,DEMO_CASE_007,Q12,cfg_03,54.76
rubric_assisted,DEMO_CASE_007,Q12,cfg_04,65.99
rubric_assisted,DEMO_CASE_007,Q12,cfg_05,60.84
rubric_assisted,DEMO_CASE_007,Q12,cfg_06,48.41
rubric_assisted,DEMO_CASE_007,Q13,cfg_01,47.32
rubric_assisted,DEMO_CASE_007,Q13,cfg_02,79.05
rubric_assisted,DEMO_CASE_007,Q13,cfg_03,81.5
rubric_assisted,DEMO_CASE_007,Q13,cfg_04,57.08
rubric_assisted,DEMO_CASE_007,Q13,cfg_05,47.58
rubric_assisted,DEMO_CASE_007,Q13,cfg_06,83.42
rubric_assisted,DEMO_CASE_007,Q14,cfg_01,70.83
rubric_assisted,DEMO_CASE_007,Q14,cfg_02,54.46
rubric_assisted,DEMO_CASE_007,Q14,cfg_03,86.95
rubric_assisted,DEMO_CASE_007,Q14,cfg_04,51.25
rubric_assisted,DEMO_CASE_007,Q14,cfg_05,58.58
rubric_assisted,DEMO_CASE_007,Q14,cfg_06,47.88
rubric_assisted,DEMO_CASE_007,Q15,cfg_01,70.71
rubric_assisted,DEMO_CASE_007,Q15,cfg_02,45.81
rubric_assisted,DEMO_CASE_007,Q15,cfg_03,81.06
rubric_assisted,DEMO_CASE_007,Q15,cfg_04,72.48
rubric_assisted,DEMO_CASE_007,Q15,cfg_05,90.38
rubric_assisted,DEMO_CASE_007,Q15,cfg_06,46.91
rubric_assisted,DEMO_CASE_008,Q1,cfg_01,77.07
rubric_assisted,DEMO_CASE_008,Q1,cfg_02,37.1
rubric_assisted,DEMO_CASE_008,Q1,cfg_03,68.79
rubric_assisted,DEMO_CASE_008,Q1,cfg_04,64.56
rubric_assisted,DEMO_CASE_008,Q1,cfg_05,51.54
rubric_assisted,DEMO_CASE_008,Q1,cfg_06,55.04
rubric_assisted,DEMO_CASE_008,Q2,cfg_01,71.14
rubric_assisted,DEMO_CASE_008,Q2,cfg_02,79.58
rubric_assisted,DEMO_CASE_008,Q2,cfg_03,47.69
rubric_assisted,DEMO_CASE_008,Q2,cfg_04,83.6
rubric_assisted,DEMO_CASE_008,Q2,cfg_05,38.32
rubric_assisted,DEMO_CASE_008,Q2,cfg_06,61.08
rubric_assisted,DEMO_CASE_008,Q3,cfg_01,69.31
rubric_assisted,DEMO_CASE_008,Q3,cfg_02,51.28
rubric_assisted,DEMO_CASE_008,Q3,cfg_03,71.27
rubric_assisted,DEMO_CASE_008,Q3,cfg_04,81.31
rubric_assisted,DEMO_CASE_008,Q3,cfg_05,65.6
rubric_assisted,DEMO_CASE_008,Q3,cfg_06,86.0
rubric_assisted,DEMO_CASE_008,Q4,cfg_01,83.7
rubric_assisted,DEMO_CASE_008,Q4,cfg_02,74.48
rubric_assisted,DEMO_CASE_008,Q4,cfg_03,86.04
rubric_assisted,DEMO_CASE_008,Q4,cfg_04,70.24
rubric_assisted,DEMO_CASE_008,Q4,cfg_05,66.11
rubric_assisted,DEMO_CASE_008,Q4,cfg_06,80.5
rubric_assisted,DEMO_CASE_008,Q5,cfg_01,60.8
rubric_assisted,DEMO_CASE_008,Q5,cfg_02,44.98
rubric_assisted,DEMO_CASE_008,Q5,cfg_03,46.3
rubric_assisted,DEMO_CASE_008,Q5,cfg_04,69.65
rubric_assisted,DEMO_CASE_008,Q5,cfg_05,46.59
rubric_assisted,DEMO_CASE_008,Q5,cfg_06,44.9
rubric_assisted,DEMO_CASE_008,Q6,cfg_01,81.07
rubric_assisted,DEMO_CASE_008,Q6,cfg_02,84.97
rubric_assisted,DEMO_CASE_008,Q6,cfg_03,62.55
rubric_assisted,DEMO_CASE_008,Q6,cfg_04,45.23
rubric_assisted,DEMO_CASE_008,Q6,cfg_05,78.14
rubric_assisted,DEMO_CASE_008,Q6,cfg_06,53.42
rubric_assisted,DEMO_CASE_008,Q7,cfg_01,50.99
rubric_assisted,DEMO_CASE_008,Q7,cfg_02,71.55
rubric_assisted,DEMO_CASE_008,Q7,cfg_03,75.46
rubric_assisted,DEMO_CASE_008,Q7,cfg_04,53.7
rubric_assisted,DEMO_CASE_008,Q7,cfg_05,82.59
rubric_assisted,DEMO_CASE_008,Q7,cfg_06,83.54
rubric_assisted,DEMO_CASE_008,Q8,cfg_01,43.53
rubric_assisted,DEMO_CASE_008,Q8,cfg_02,49.34
rubric_assisted,DEMO_CASE_008,Q8,cfg_03,63.11
rubric_assisted,DEMO_CASE_008,Q8,cfg_04,51.97
rubric_assisted,DEMO_CASE_008,Q8,cfg_05,48.13
rubric_assisted,DEMO_CASE_008,Q8,cfg_06,42.84
rubric_assisted,DEMO_CASE_008,Q9,cfg_01,44.16
rubric_assisted,DEMO_CASE_008,Q9,cfg_02,68.2
rubric_assisted,DEMO_CASE_008,Q9,cfg_03,51.75
rubric_assisted,DEMO_CASE_008,Q9,cfg_04,75.16
rubric_assisted,DEMO_CASE_008,Q9,cfg_05,84.08
rubric_assisted,DEMO_CASE_008,Q9,cfg_06,39.89
rubric_assisted,DEMO_CASE_008,Q10,cfg_01,70.53
rubric_assisted,DEMO_CASE_008,Q10,cfg_02,45.82
rubric_assisted,DEMO_CASE_008,Q10,cfg_03,62.97
rubric_assisted,DEMO_CASE_008,Q10,cfg_04,60.06
rubric_assisted,DEMO_CASE_008,Q10,cfg_05,86.44
rubric_assisted,DEMO_CASE_008,Q10,cfg_06,82.0
rubric_assisted,DEMO_CASE_008,Q11,cfg_01,56.55
rubric_assisted,DEMO_CASE_008,Q11,cfg_02,52.43
rubric_assisted,DEMO_CASE_008,Q11,cfg_03,58.89
rubric_assisted,DEMO_CASE_008,Q11,cfg_04,72.98
rubric_assisted,DEMO_CASE_008,Q11,cfg_05,54.66
rubric_assisted,DEMO_CASE_008,Q11,cfg_06,88.74
rubric_assisted,DEMO_CASE_008,Q12,cfg_01,83.35
rubric_assisted,DEMO_CASE_008,Q12,cfg_02,54.71
rubric_assisted,DEMO_CASE_008,Q12,cfg_03,40.89
rubric_assisted,DEMO_CASE_008,Q12,cfg_04,83.4
rubric_assisted,DEMO_CASE_008,Q12,cfg_05,83.69
rubric_assisted,DEMO_CASE_008,Q12,cfg_06,64.74
rubric_assisted,DEMO_CASE_008,Q13,cfg_01,69.22
rubric_assisted,DEMO_CASE_008,Q13,cfg_02,47.21
rubric_assisted,DEMO_CASE_008,Q13,cfg_03,60.31
rubric_assisted,DEMO_CASE_008,Q13,cfg_04,80.17
rubric_assisted,DEMO_CASE_008,Q13,cfg_05,57.67
rubric_assisted,DEMO_CASE_008,Q13,cfg_06,77.08
rubric_assisted,DEMO_CASE_008,Q14,cfg_01,80.63
rubric_assisted,DEMO_CASE_008,Q14,cfg_02,86.29
rubric_assisted,DEMO_CASE_008,Q14,cfg_03,56.65
rubric_assisted,DEMO_CASE_008,Q14,cfg_04,67.74
rubric_assisted,DEMO_CASE_008,Q14,cfg_05,82.42
rubric_assisted,DEMO_CASE_008,Q14,cfg_06,44.84
rubric_assisted,DEMO_CASE_008,Q15,cfg_01,60.81
rubric_assisted,DEMO_CASE_008,Q15,cfg_02,79.13
rubric_assisted,DEMO_CASE_008,Q15,cfg_03,59.25
rubric_assisted,DEMO_CASE_008,Q15,cfg_04,62.71
rubric_assisted,DEMO_CASE_008,Q15,cfg_05,58.11
rubric_assisted,DEMO_CASE_008,Q15,cfg_06,53.19
rubric_assisted,DEMO_CASE_009,Q1,cfg_01,47.29
rubric_assisted,DEMO_CASE_009,Q1,cfg_02,56.1
rubric_assisted,DEMO_CASE_009,Q1,cfg_03,48.95
rubric_assisted,DEMO_CASE_009,Q1,cfg_04,67.15
rubric_assisted,DEMO_CASE_009,Q1,cfg_05,47.05
rubric_assisted,DEMO_CASE_009,Q1,cfg_06,61.8
rubric_assisted,DEMO_CASE_009,Q2,cfg_01,68.36
rubric_assisted,DEMO_CASE_009,Q2,cfg_02,67.12
rubric_assisted,DEMO_CASE_009,Q2,cfg_03,67.48
rubric_assisted,DEMO_CASE_009,Q2,cfg_04,46.29
rubric_assisted,DEMO_CASE_009,Q2,cfg_05,48.09
rubric_assisted,DEMO_CASE_009,Q2,cfg_06,46.81
rubric_assisted,DEMO_CASE_009,Q3,cfg_01,61.59
rubric_assisted,DEMO_CASE_009,Q3,cfg_02,65.32
rubric_assisted,DEMO_CASE_009,Q3,cfg_03,38.91
rubric_assisted,DEMO_CASE_009,Q3,cfg_04,54.99
rubric_assisted,DEMO_CASE_009,Q3,cfg_05,56.64
rubric_assisted,DEMO_CASE_009,Q3,cfg_06,81.54
rubric_assisted,DEMO_CASE_009,Q4,cfg_01,83.53
rubric_assisted,DEMO_CASE_009,Q4,cfg_02,65.09
rubric_assisted,DEMO_CASE_009,Q4,cfg_03,75.7
rubric_assisted,DEMO_CASE_009,Q4,cfg_04,67.52
rubric_assisted,DEMO_CASE_009,Q4,cfg_05,86.15
rubric_assisted,DEMO_CASE_009,Q4,cfg_06,82.27
rubric_assisted,DEMO_CASE_009,Q5,cfg_01,81.73
rubric_assisted,DEMO_CASE_009,Q5,cfg_02,67.36
rubric_assisted,DEMO_CASE_009,Q5,cfg_03,73.31
rubric_assisted,DEMO_CASE_009,Q5,cfg_04,50.05
rubric_assisted,DEMO_CASE_009,Q5,cfg_05,39.8
rubric_assisted,DEMO_CASE_009,Q5,cfg_06,51.74
rubric_assisted,DEMO_CASE_009,Q6,cfg_01,78.53
rubric_assisted,DEMO_CASE_009,Q6,cfg_02,55.42
rubric_assisted,DEMO_CASE_009,Q6,cfg_03,42.7
rubric_assisted,DEMO_CASE_009,Q6,cfg_04,44.75
rubric_assisted,DEMO_CASE_009,Q6,cfg_05,62.57
rubric_assisted,DEMO_CASE_009,Q6,cfg_06,82.03
rubric_assisted,DEMO_CASE_009,Q7,cfg_01,44.33
rubric_assisted,DEMO_CASE_009,Q7,cfg_02,64.37
rubric_assisted,DEMO_CASE_009,Q7,cfg_03,50.82
rubric_assisted,DEMO_CASE_009,Q7,cfg_04,69.59
rubric_assisted,DEMO_CASE_009,Q7,cfg_05,66.08
rubric_assisted,DEMO_CASE_009,Q7,cfg_06,68.79
rubric_assisted,DEMO_CASE_009,Q8,cfg_01,66.65
rubric_assisted,DEMO_CASE_009,Q8,cfg_02,80.6
rubric_assisted,DEMO_CASE_009,Q8,cfg_03,77.15
rubric_assisted,DEMO_CASE_009,Q8,cfg_04,81.73
rubric_assisted,DEMO_CASE_009,Q8,cfg_05,87.61
rubric_assisted,DEMO_CASE_009,Q8,cfg_06,78.89
rubric_assisted,DEMO_CASE_009,Q9,cfg_01,85.81
rubric_assisted,DEMO_CASE_009,Q9,cfg_02,61.78
rubric_assisted,DEMO_CASE_009,Q9,cfg_03,78.95
rubric_assisted,DEMO_CASE_009,Q9,cfg_04,64.12
rubric_assisted,DEMO_CASE_009,Q9,cfg_05,50.15
rubric_assisted,DEMO_CASE_009,Q9,cfg_06,82.23
rubric_assisted,DEMO_CASE_009,Q10,cfg_01,52.86
rubric_assisted,DEMO_CASE_009,Q10,cfg_02,49.89
rubric_assisted,DEMO_CASE_009,Q10,cfg_03,73.55
rubric_assisted,DEMO_CASE_009,Q10,cfg_04,40.81
rubric_assisted,DEMO_CASE_009,Q10,cfg_05,83.45
rubric_assisted,DEMO_CASE_009,Q10,cfg_06,77.56
rubric_assisted,DEMO_CASE_009,Q11,cfg_01,82.19
rubric_assisted,DEMO_CASE_009,Q11,cfg_02,80.37
rubric_assisted,DEMO_CASE_009,Q11,cfg_03,80.35
rubric_assisted,DEMO_CASE_009,Q11,cfg_04,73.76
rubric_assisted,DEMO_CASE_009,Q11,cfg_05,81.32
rubric_assisted,DEMO_CASE_009,Q11,cfg_06,65.03
rubric_assisted,DEMO_CASE_009,Q12,cfg_01,59.95
rubric_assisted,DEMO_CASE_009,Q12,cfg_02,42.64
rubric_assisted,DEMO_CASE_009,Q12,cfg_03,47.82
rubric_assisted,DEMO_CASE_009,Q12,cfg_04,63.71
rubric_assisted,DEMO_CASE_009,Q12,cfg_05,51.2
rubric_assisted,DEMO_CASE_009,Q12,cfg_06,48.82
rubric_assisted,DEMO_CASE_009,Q13,cfg_01,43.98
rubric_assisted,DEMO_CASE_009,Q13,cfg_02,48.94
rubric_assisted,DEMO_CASE_009,Q13,cfg_03,56.54
rubric_assisted,DEMO_CASE_009,Q13,cfg_04,52.16
rubric_assisted,DEMO_CASE_009,Q13,cfg_05,70.11
rubric_assisted,DEMO_CASE_009,Q13,cfg_06,49.96
rubric_assisted,DEMO_CASE_009,Q14,cfg_01,71.1
rubric_assisted,DEMO_CASE_009,Q14,cfg_02,59.33
rubric_assisted,DEMO_CASE_009,Q14,cfg_03,46.58
rubric_assisted,DEMO_CASE_009,Q14,cfg_04,90.26
rubric_assisted,DEMO_CASE_009,Q14,cfg_05,78.16
rubric_assisted,DEMO_CASE_009,Q14,cfg_06,63.44
rubric_assisted,DEMO_CASE_009,Q15,cfg_01,83.15
rubric_assisted,DEMO_CASE_009,Q15,cfg_02,53.0
rubric_assisted,DEMO_CASE_009,Q15,cfg_03,50.09
rubric_assisted,DEMO_CASE_009,Q15,cfg_04,42.48
rubric_assisted,DEMO_CASE_009,Q15,cfg_05,84.01
rubric_assisted,DEMO_CASE_009,Q15,cfg_06,81.5
rubric_assisted,DEMO_CASE_010,Q1,cfg_01,54.82
rubric_assisted,DEMO_CASE_010,Q1,cfg_02,77.35
rubric_assisted,DEMO_CASE_010,Q1,cfg_03,84.53
rubric_assisted,DEMO_CASE_010,Q1,cfg_04,64.65
rubric_assisted,DEMO_CASE_010,Q1,cfg_05,66.27
rubric_assisted,DEMO_CASE_010,Q1,cfg_06,48.39
rubric_assisted,DEMO_CASE_010,Q2,cfg_01,46.6
rubric_assisted,DEMO_CASE_010,Q2,cfg_02,56.44
rubric_assisted,DEMO_CASE_010,Q2,cfg_03,72.31
rubric_assisted,DEMO_CASE_010,Q2,cfg_04,73.26
rubric_assisted,DEMO_CASE_010,Q2,cfg_05,77.26
rubric_assisted,DEMO_CASE_010,Q2,cfg_06,52.44
rubric_assisted,DEMO_CASE_010,Q3,cfg_01,82.18
rubric_assisted,DEMO_CASE_010,Q3,cfg_02,50.28
rubric_assisted,DEMO_CASE_010,Q3,cfg_03,56.45
rubric_assisted,DEMO_CASE_010,Q3,cfg_04,38.69
rubric_assisted,DEMO_CASE_010,Q3,cfg_05,49.56
rubric_assisted,DEMO_CASE_010,Q3,cfg_06,78.21
rubric_assisted,DEMO_CASE_010,Q4,cfg_01,49.62
rubric_assisted,DEMO_CASE_010,Q4,cfg_02,66.76
rubric_assisted,DEMO_CASE_010,Q4,cfg_03,81.05
rubric_assisted,DEMO_CASE_010,Q4,cfg_04,71.27
rubric_assisted,DEMO_CASE_010,Q4,cfg_05,51.2
rubric_assisted,DEMO_CASE_010,Q4,cfg_06,72.23
rubric_assisted,DEMO_CASE_010,Q5,cfg_01,81.92
rubric_assisted,DEMO_CASE_010,Q5,cfg_02,58.58
rubric_assisted,DEMO_CASE_010,Q5,cfg_03,41.77
rubric_assisted,DEMO_CASE_010,Q5,cfg_04,62.14
rubric_assisted,DEMO_CASE_010,Q5,cfg_05,43.07
rubric_assisted,DEMO_CASE_010,Q5,cfg_06,79.1
rubric_assisted,DEMO_CASE_010,Q6,cfg_01,80.59
rubric_assisted,DEMO_CASE_010,Q6,cfg_02,80.0
rubric_assisted,DEMO_CASE_010,Q6,cfg_03,46.62
rubric_assisted,DEMO_CASE_010,Q6,cfg_04,82.46
rubric_assisted,DEMO_CASE_010,Q6,cfg_05,76.76
rubric_assisted,DEMO_CASE_010,Q6,cfg_06,62.47
rubric_assisted,DEMO_CASE_010,Q7,cfg_01,67.59
rubric_assisted,DEMO_CASE_010,Q7,cfg_02,85.37
rubric_assisted,DEMO_CASE_010,Q7,cfg_03,73.9
rubric_assisted,DEMO_CASE_010,Q7,cfg_04,56.57
rubric_assisted,DEMO_CASE_010,Q7,cfg_05,67.49
rubric_assisted,DEMO_CASE_010,Q7,cfg_06,77.45
rubric_assisted,DEMO_CASE_010,Q8,cfg_01,51.07
rubric_assisted,DEMO_CASE_010,Q8,cfg_02,67.02
rubric_assisted,DEMO_CASE_010,Q8,cfg_03,52.34
rubric_assisted,DEMO_CASE_010,Q8,cfg_04,75.81
rubric_assisted,DEMO_CASE_010,Q8,cfg_05,63.56
rubric_assisted,DEMO_CASE_010,Q8,cfg_06,53.32
rubric_assisted,DEMO_CASE_010,Q9,cfg_01,52.88
rubric_assisted,DEMO_CASE_010,Q9,cfg_02,49.21
rubric_assisted,DEMO_CASE_010,Q9,cfg_03,43.93
rubric_assisted,DEMO_CASE_010,Q9,cfg_04,76.92
rubric_assisted,DEMO_CASE_010,Q9,cfg_05,67.37
rubric_assisted,DEMO_CASE_010,Q9,cfg_06,63.77
rubric_assisted,DEMO_CASE_010,Q10,cfg_01,79.93
rubric_assisted,DEMO_CASE_010,Q10,cfg_02,64.83
rubric_assisted,DEMO_CASE_010,Q10,cfg_03,54.54
rubric_assisted,DEMO_CASE_010,Q10,cfg_04,81.09
rubric_assisted,DEMO_CASE_010,Q10,cfg_05,41.27
rubric_assisted,DEMO_CASE_010,Q10,cfg_06,41.0
rubric_assisted,DEMO_CASE_010,Q11,cfg_01,87.25
rubric_assisted,DEMO_CASE_010,Q11,cfg_02,60.71
rubric_assisted,DEMO_CASE_010,Q11,cfg_03,53.15
rubric_assisted,DEMO_CASE_010,Q11,cfg_04,66.76
rubric_assisted,DEMO_CASE_010,Q11,cfg_05,85.64
rubric_assisted,DEMO_CASE_010,Q11,cfg_06,74.14
rubric_assisted,DEMO_CASE_010,Q12,cfg_01,65.76
rubric_assisted,DEMO_CASE_010,Q12,cfg_02,84.26
rubric_assisted,DEMO_CASE_010,Q12,cfg_03,65.27
rubric_assisted,DEMO_CASE_010,Q12,cfg_04,60.72
rubric_assisted,DEMO_CASE_010,Q12,cfg_05,84.42
rubric_assisted,DEMO_CASE_010,Q12,cfg_06,62.13
rubric_assisted,DEMO_CASE_010,Q13,cfg_01,90.44
rubric_assisted,DEMO_CASE_010,Q13,cfg_02,56.72
rubric_assisted,DEMO_CASE_010,Q13,cfg_03,58.59
rubric_assisted,DEMO_CASE_010,Q13,cfg_04,47.32
rubric_assisted,DEMO_CASE_010,Q13,cfg_05,75.61
rubric_assisted,DEMO_CASE_010,Q13,cfg_06,75.2
rubric_assisted,DEMO_CASE_010,Q14,cfg_01,75.49
rubric_assisted,DEMO_CASE_010,Q14,cfg_02,69.52
rubric_assisted,DEMO_CASE_010,Q14,cfg_03,61.72
rubric_assisted,DEMO_CASE_010,Q14,cfg_04,57.14
rubric_assisted,DEMO_CASE_010,Q14,cfg_05,49.43
rubric_assisted,DEMO_CASE_010,Q14,cfg_06,84.17
rubric_assisted,DEMO_CASE_010,Q15,cfg_01,54.6
rubric_assisted,DEMO_CASE_010,Q15,cfg_02,51.53
rubric_assisted,DEMO_CASE_010,Q15,cfg_03,42.87
rubric_assisted,DEMO_CASE_010,Q15,cfg_04,64.63
rubric_assisted,DEMO_CASE_010,Q15,cfg_05,73.98
rubric_assisted,DEMO_CASE_010,Q15,cfg_06,42.74
